재무제표종류,종목코드,회사명,시장구분,업종,업종명,결산월,결산기준일,보고서종류,통화,항목코드,항목명,당기,전기,전전기
"재무상태표, 은행 - 별도",[138930],BNK금융지주,유가증권시장상장법인,649,기타 금융업,12,2023-12-31,사업보고서,KRW,dart_CashAndDuefromBanks,         현금및예치금,"155,238,417,983","67,988,718,816","51,799,136,753"
"재무상태표, 은행 - 별도",[138930],BNK금융지주,유가증권시장상장법인,649,기타 금융업,12,2023-12-31,사업보고서,KRW,dart_SecuritiesAtFairValueThroughProfitOrLoss,         당기손익-공정가치금융자산,"103,647,600,000",0,0
"재무상태표, 은행 - 별도",[138930],BNK금융지주,유가증권시장상장법인,649,기타 금융업,12,2023-12-31,사업보고서,KRW,entity00858364_LoansAndReceivablesOfAssetsAbstract,         대출채권 및 수취채권,"59,248,455,663","199,167,331,546","174,546,298,273"
"재무상태표, 은행 - 별도",[138930],BNK금융지주,유가증권시장상장법인,649,기타 금융업,12,2023-12-31,사업보고서,KRW,ifrs-full_Assets,         자산총계,"6,968,997,944,637","6,915,786,817,905","6,825,305,647,860"
"재무상태표, 은행 - 별도",[138930],BNK금융지주,유가증권시장상장법인,649,기타 금융업,12,2023-12-31,사업보고서,KRW,ifrs-full_IntangibleAssetsAndGoodwill,         무형자산,"14,095,601,815","14,666,993,733","15,818,071,708"
"재무상태표, 은행 - 별도",[138930],BNK금융지주,유가증권시장상장법인,649,기타 금융업,12,2023-12-31,사업보고서,KRW,ifrs-full_InvestmentsInSubsidiariesJointVenturesAndAssociates,         관계기업및공동기업투자,"6,623,937,230,740","6,623,937,230,740","6,573,937,230,740"
"재무상태표, 은행 - 별도",[138930],BNK금융지주,유가증권시장상장법인,649,기타 금융업,12,2023-12-31,사업보고서,KRW,ifrs-full_OtherNonfinancialAssets,         기타자산,"922,449,944","2,113,078,968","2,181,276,394"
"재무상태표, 은행 - 별도",[138930],BNK금융지주,유가증권시장상장법인,649,기타 금융업,12,2023-12-31,사업보고서,KRW,ifrs-full_PropertyPlantAndEquipment,         유형자산,"11,908,188,492","7,913,464,102","7,023,633,992"
"재무상태표, 은행 - 별도",[138930],BNK금융지주,유가증권시장상장법인,649,기타 금융업,12,2023-12-31,사업보고서,KRW,dart_ElementsOfOtherStockholdersEquity,            기타자본구성요소,"-4,485,067,404","-3,933,474,597","-6,376,677,071"
"재무상태표, 은행 - 별도",[138930],BNK금융지주,유가증권시장상장법인,649,기타 금융업,12,2023-12-31,사업보고서,KRW,dart_HybridBonds,            신종자본증권,"727,635,718,500","827,392,476,500","827,392,476,500"
"재무상태표, 은행 - 별도",[138930],BNK금융지주,유가증권시장상장법인,649,기타 금융업,12,2023-12-31,사업보고서,KRW,ifrs-full_AdditionalPaidinCapital,            기타불입자본,"2,276,280,170,430","2,270,038,313,795","2,270,038,313,795"
"재무상태표, 은행 - 별도",[138930],BNK금융지주,유가증권시장상장법인,649,기타 금융업,12,2023-12-31,사업보고서,KRW,ifrs-full_Equity,            자본총계,"5,283,937,093,683","5,347,543,937,675","5,251,713,667,367"
"재무상태표, 은행 - 별도",[138930],BNK금융지주,유가증권시장상장법인,649,기타 금융업,12,2023-12-31,사업보고서,KRW,ifrs-full_IssuedCapital,            자본금,"1,629,676,230,000","1,629,676,230,000","1,629,676,230,000"
"재무상태표, 은행 - 별도",[138930],BNK금융지주,유가증권시장상장법인,649,기타 금융업,12,2023-12-31,사업보고서,KRW,ifrs-full_RetainedEarnings,            이익잉여금,"654,830,042,157","624,370,391,977","530,983,324,143"
"재무상태표, 은행 - 별도",[138930],BNK금융지주,유가증권시장상장법인,649,기타 금융업,12,2023-12-31,사업보고서,KRW,ifrs-full_EquityAndLiabilities,         자본과부채총계,"6,968,997,944,637","6,915,786,817,905","6,825,305,647,860"
"재무상태표, 은행 - 별도",[138930],BNK금융지주,유가증권시장상장법인,649,기타 금융업,12,2023-12-31,사업보고서,KRW,ifrs-full_BondsIssued,            사채,"1,618,376,304,316","1,368,661,050,620","1,398,528,376,903"
"재무상태표, 은행 - 별도",[138930],BNK금융지주,유가증권시장상장법인,649,기타 금융업,12,2023-12-31,사업보고서,KRW,ifrs-full_CurrentTaxLiabilities,            당기법인세부채,"37,920,784,422","177,993,164,424","153,475,623,084"
"재무상태표, 은행 - 별도",[138930],BNK금융지주,유가증권시장상장법인,649,기타 금융업,12,2023-12-31,사업보고서,KRW,ifrs-full_Liabilities,            부채총계,"1,685,060,850,954","1,568,242,880,230","1,573,591,980,493"
"재무상태표, 은행 - 별도",[138930],BNK금융지주,유가증권시장상장법인,649,기타 금융업,12,2023-12-31,사업보고서,KRW,ifrs-full_OtherNonfinancialLiabilities,            기타부채,"26,509,871,827","20,976,838,978","19,907,694,356"
"재무상태표, 은행 - 별도",[138930],BNK금융지주,유가증권시장상장법인,649,기타 금융업,12,2023-12-31,사업보고서,KRW,ifrs-full_Provisions,            충당부채,"164,237,786","190,414,532","80,362,119"
"재무상태표, 은행 - 별도",[138930],BNK금융지주,유가증권시장상장법인,649,기타 금융업,12,2023-12-31,사업보고서,KRW,ifrs-full_RecognisedLiabilitiesDefinedBenefitPlan,            순확정급여부채,"2,089,652,603","421,411,676","1,599,924,031"
"재무상태표, 은행 - 별도",[192520],경남은행,기타법인,641,은행 및 저축기관,12,2023-12-31,사업보고서,KRW,dart_CashAndDuefromBanks,         현금및예치금,"1,640,577,725,067","2,157,937,151,533","1,944,545,438,552"
"재무상태표, 은행 - 별도",[192520],경남은행,기타법인,641,은행 및 저축기관,12,2023-12-31,사업보고서,KRW,entity01030132_LoansAndReceivablesOfAssetsAbstract,         대출채권 및 수취채권,"40,524,925,415,836","38,890,374,162,203","36,952,502,638,055"
"재무상태표, 은행 - 별도",[192520],경남은행,기타법인,641,은행 및 저축기관,12,2023-12-31,사업보고서,KRW,ifrs-full_Assets,         자산총계,"50,808,419,608,923","48,688,833,025,536","46,283,026,816,602"
"재무상태표, 은행 - 별도",[192520],경남은행,기타법인,641,은행 및 저축기관,12,2023-12-31,사업보고서,KRW,ifrs-full_DeferredTaxAssets,         이연법인세자산,0,"26,125,293,082","15,164,714,295"
"재무상태표, 은행 - 별도",[192520],경남은행,기타법인,641,은행 및 저축기관,12,2023-12-31,사업보고서,KRW,ifrs-full_DerivativeFinancialAssets,         파생상품자산,"19,369,531,169","26,210,053,382","16,831,144,881"
"재무상태표, 은행 - 별도",[192520],경남은행,기타법인,641,은행 및 저축기관,12,2023-12-31,사업보고서,KRW,ifrs-full_FinancialAssetsAtAmortisedCost,         상각후원가금융자산,"3,767,591,962,571","3,643,927,930,599","3,680,561,790,694"
"재무상태표, 은행 - 별도",[192520],경남은행,기타법인,641,은행 및 저축기관,12,2023-12-31,사업보고서,KRW,ifrs-full_FinancialAssetsAtFairValueThroughOtherComprehensiveIncome,         기타포괄손익-공정가치금융자산,"2,997,435,932,803","2,279,072,048,242","2,091,405,891,543"
"재무상태표, 은행 - 별도",[192520],경남은행,기타법인,641,은행 및 저축기관,12,2023-12-31,사업보고서,KRW,ifrs-full_FinancialAssetsAtFairValueThroughProfitOrLoss,         당기손익-공정가치금융자산,"1,395,750,044,303","1,190,353,061,892","1,191,449,493,086"
"재무상태표, 은행 - 별도",[192520],경남은행,기타법인,641,은행 및 저축기관,12,2023-12-31,사업보고서,KRW,ifrs-full_IntangibleAssetsAndGoodwill,         무형자산,"66,627,080,007","57,108,963,743","51,062,477,602"
"재무상태표, 은행 - 별도",[192520],경남은행,기타법인,641,은행 및 저축기관,12,2023-12-31,사업보고서,KRW,ifrs-full_InvestmentProperty,         투자부동산,"29,939,012,623","28,637,457,501","30,959,694,541"
"재무상태표, 은행 - 별도",[192520],경남은행,기타법인,641,은행 및 저축기관,12,2023-12-31,사업보고서,KRW,ifrs-full_OtherNonfinancialAssets,         기타자산,"18,379,063,507","26,649,458,213","25,953,362,095"
"재무상태표, 은행 - 별도",[192520],경남은행,기타법인,641,은행 및 저축기관,12,2023-12-31,사업보고서,KRW,ifrs-full_PropertyPlantAndEquipment,         유형자산,"286,157,213,098","285,131,595,435","277,475,890,450"
"재무상태표, 은행 - 별도",[192520],경남은행,기타법인,641,은행 및 저축기관,12,2023-12-31,사업보고서,KRW,ifrs-full_RecognisedAssetsDefinedBenefitPlan,         순확정급여자산,"61,666,627,939","77,305,849,711","5,114,280,808"
"재무상태표, 은행 - 별도",[192520],경남은행,기타법인,641,은행 및 저축기관,12,2023-12-31,사업보고서,KRW,dart_ElementsOfOtherStockholdersEquity,            기타자본구성요소,"-20,541,054,732","-67,709,993,158","-47,808,072,457"
"재무상태표, 은행 - 별도",[192520],경남은행,기타법인,641,은행 및 저축기관,12,2023-12-31,사업보고서,KRW,dart_HybridBonds,            신종자본증권,"199,449,480,000","498,815,940,000","448,843,940,000"
"재무상태표, 은행 - 별도",[192520],경남은행,기타법인,641,은행 및 저축기관,12,2023-12-31,사업보고서,KRW,ifrs-full_AdditionalPaidinCapital,            기타불입자본,"695,835,577,702","695,946,597,702","696,469,117,702"
"재무상태표, 은행 - 별도",[192520],경남은행,기타법인,641,은행 및 저축기관,12,2023-12-31,사업보고서,KRW,ifrs-full_Equity,            자본총계,"3,464,190,444,252","3,628,757,870,024","3,501,668,349,466"
"재무상태표, 은행 - 별도",[192520],경남은행,기타법인,641,은행 및 저축기관,12,2023-12-31,사업보고서,KRW,ifrs-full_IssuedCapital,            자본금,"432,104,560,000","432,104,560,000","432,104,560,000"
"재무상태표, 은행 - 별도",[192520],경남은행,기타법인,641,은행 및 저축기관,12,2023-12-31,사업보고서,KRW,ifrs-full_RetainedEarnings,            이익잉여금,"2,157,341,881,282","2,069,600,765,480","1,972,058,804,221"
"재무상태표, 은행 - 별도",[192520],경남은행,기타법인,641,은행 및 저축기관,12,2023-12-31,사업보고서,KRW,dart_RegulatoryReserveForCreditLoss,               대손준비금 적립액,"178,509,000,000","259,572,000,000","217,720,000,000"
"재무상태표, 은행 - 별도",[192520],경남은행,기타법인,641,은행 및 저축기관,12,2023-12-31,사업보고서,KRW,dart_RegulatoryReserveForCreditLossToBeAddedReversed,               대손준비금 전입(환입) 예정액,"-57,829,000,000","-81,063,000,000","41,852,000,000"
"재무상태표, 은행 - 별도",[192520],경남은행,기타법인,641,은행 및 저축기관,12,2023-12-31,사업보고서,KRW,ifrs-full_EquityAndLiabilities,         자본과부채총계,"50,808,419,608,923","48,688,833,025,536","46,283,026,816,602"
"재무상태표, 은행 - 별도",[192520],경남은행,기타법인,641,은행 및 저축기관,12,2023-12-31,사업보고서,KRW,ifrs-full_BondsIssued,            발행사채,"1,420,647,875,627","1,572,359,639,616","1,549,269,830,296"
"재무상태표, 은행 - 별도",[192520],경남은행,기타법인,641,은행 및 저축기관,12,2023-12-31,사업보고서,KRW,ifrs-full_Borrowings,            차입부채,"2,441,107,666,199","2,257,982,784,955","2,101,769,031,694"
"재무상태표, 은행 - 별도",[192520],경남은행,기타법인,641,은행 및 저축기관,12,2023-12-31,사업보고서,KRW,ifrs-full_CurrentTaxLiabilities,            당기법인세부채,"6,750,869,873","50,817,310,662","26,114,891,532"
"재무상태표, 은행 - 별도",[192520],경남은행,기타법인,641,은행 및 저축기관,12,2023-12-31,사업보고서,KRW,ifrs-full_DeferredTaxLiabilities,            이연법인세부채,"18,586,063,362",0,0
"재무상태표, 은행 - 별도",[192520],경남은행,기타법인,641,은행 및 저축기관,12,2023-12-31,사업보고서,KRW,ifrs-full_DepositsFromCustomers,            예수부채,"42,192,215,427,817","40,172,603,467,054","38,399,637,352,538"
"재무상태표, 은행 - 별도",[192520],경남은행,기타법인,641,은행 및 저축기관,12,2023-12-31,사업보고서,KRW,ifrs-full_DerivativeFinancialLiabilities,            파생상품부채,"16,951,072,124","26,373,663,461","15,131,983,258"
"재무상태표, 은행 - 별도",[192520],경남은행,기타법인,641,은행 및 저축기관,12,2023-12-31,사업보고서,KRW,ifrs-full_Liabilities,            부채총계,"47,344,229,164,671","45,060,075,155,512","42,781,358,467,136"
"재무상태표, 은행 - 별도",[192520],경남은행,기타법인,641,은행 및 저축기관,12,2023-12-31,사업보고서,KRW,ifrs-full_OtherFinancialLiabilities,            기타금융부채,"1,126,764,136,005","882,897,545,658","610,453,151,257"
"재무상태표, 은행 - 별도",[192520],경남은행,기타법인,641,은행 및 저축기관,12,2023-12-31,사업보고서,KRW,ifrs-full_OtherNonfinancialLiabilities,            기타부채,"34,242,534,749","32,845,995,452","29,569,288,761"
"재무상태표, 은행 - 별도",[192520],경남은행,기타법인,641,은행 및 저축기관,12,2023-12-31,사업보고서,KRW,ifrs-full_Provisions,            충당부채,"86,963,518,915","64,194,748,654","49,412,937,800"
"재무상태표, 은행 - 별도",[192530],광주은행,기타법인,641,은행 및 저축기관,12,2023-12-31,사업보고서,KRW,dart_SecuritiesAtAmortisedCost,         상각후원가측정유가증권,"2,407,041,905,915","2,299,928,429,160","2,011,951,060,229"
"재무상태표, 은행 - 별도",[192530],광주은행,기타법인,641,은행 및 저축기관,12,2023-12-31,사업보고서,KRW,ifrs-full_Assets,         자산총계,"29,764,947,700,868","28,563,846,731,746","28,163,512,805,163"
"재무상태표, 은행 - 별도",[192530],광주은행,기타법인,641,은행 및 저축기관,12,2023-12-31,사업보고서,KRW,ifrs-full_CashAndCashEquivalents,         현금및현금성자산,"708,149,057,922","1,141,890,992,406","1,283,453,872,443"
"재무상태표, 은행 - 별도",[192530],광주은행,기타법인,641,은행 및 저축기관,12,2023-12-31,사업보고서,KRW,ifrs-full_DeferredTaxAssets,         이연법인세자산,"27,248,841,292","43,171,237,696","32,656,759,897"
"재무상태표, 은행 - 별도",[192530],광주은행,기타법인,641,은행 및 저축기관,12,2023-12-31,사업보고서,KRW,ifrs-full_FinancialAssetsAtAmortisedCost,         상각후원가측정대출채권 및 기타금융자산,"23,529,126,692,823","22,503,463,230,147","22,377,064,481,985"
"재무상태표, 은행 - 별도",[192530],광주은행,기타법인,641,은행 및 저축기관,12,2023-12-31,사업보고서,KRW,ifrs-full_FinancialAssetsAtFairValueThroughOtherComprehensiveIncome,         기타포괄손익-공정가치측정금융자산,"1,988,427,387,764","1,521,389,786,867","1,508,277,567,886"
"재무상태표, 은행 - 별도",[192530],광주은행,기타법인,641,은행 및 저축기관,12,2023-12-31,사업보고서,KRW,ifrs-full_FinancialAssetsAtFairValueThroughProfitOrLoss,         당기손익-공정가치측정금융자산,"659,748,114,016","711,872,489,168","644,228,219,226"
"재무상태표, 은행 - 별도",[192530],광주은행,기타법인,641,은행 및 저축기관,12,2023-12-31,사업보고서,KRW,ifrs-full_IntangibleAssetsAndGoodwill,         무형자산,"31,550,426,291","20,001,808,298","19,183,239,360"
"재무상태표, 은행 - 별도",[192530],광주은행,기타법인,641,은행 및 저축기관,12,2023-12-31,사업보고서,KRW,ifrs-full_InvestmentProperty,         투자부동산,"8,163,571,673","8,303,430,695","9,304,314,878"
"재무상태표, 은행 - 별도",[192530],광주은행,기타법인,641,은행 및 저축기관,12,2023-12-31,사업보고서,KRW,ifrs-full_InvestmentsInSubsidiariesJointVenturesAndAssociates,         관계기업 투자자산,"49,779,723,316","49,779,723,316","49,779,723,316"
"재무상태표, 은행 - 별도",[192530],광주은행,기타법인,641,은행 및 저축기관,12,2023-12-31,사업보고서,KRW,ifrs-full_OtherNonfinancialAssets,         기타자산,"12,659,124,541","12,906,927,266","15,348,885,135"
"재무상태표, 은행 - 별도",[192530],광주은행,기타법인,641,은행 및 저축기관,12,2023-12-31,사업보고서,KRW,ifrs-full_PropertyPlantAndEquipment,         유형자산,"280,952,231,048","177,753,186,635","171,329,155,810"
"재무상태표, 은행 - 별도",[192530],광주은행,기타법인,641,은행 및 저축기관,12,2023-12-31,사업보고서,KRW,ifrs-full_RecognisedAssetsDefinedBenefitPlan,         순확정급여자산,"49,293,080,087","60,259,725,539","25,369,661,726"
"재무상태표, 은행 - 별도",[192530],광주은행,기타법인,641,은행 및 저축기관,12,2023-12-31,사업보고서,KRW,ifrs-full_RightofuseAssets,         사용권자산,"12,807,544,180","13,125,764,553","15,565,863,272"
"재무상태표, 은행 - 별도",[192530],광주은행,기타법인,641,은행 및 저축기관,12,2023-12-31,사업보고서,KRW,dart_HybridBonds,            신종자본증권,0,"86,864,930,000","86,864,930,000"
"재무상태표, 은행 - 별도",[192530],광주은행,기타법인,641,은행 및 저축기관,12,2023-12-31,사업보고서,KRW,ifrs-full_AccumulatedOtherComprehensiveIncome,            기타포괄손익누계액,"-29,565,829,846","-61,161,245,135","-40,255,757,280"
"재무상태표, 은행 - 별도",[192530],광주은행,기타법인,641,은행 및 저축기관,12,2023-12-31,사업보고서,KRW,ifrs-full_AdditionalPaidinCapital,            기타불입자본,"689,279,473,589","689,414,543,589","689,414,543,589"
"재무상태표, 은행 - 별도",[192530],광주은행,기타법인,641,은행 및 저축기관,12,2023-12-31,사업보고서,KRW,ifrs-full_Equity,            자본총계,"2,150,938,518,730","2,111,005,481,636","2,057,596,097,933"
"재무상태표, 은행 - 별도",[192530],광주은행,기타법인,641,은행 및 저축기관,12,2023-12-31,사업보고서,KRW,ifrs-full_IssuedCapital,            자본금,"256,580,285,000","256,580,285,000","256,580,285,000"
"재무상태표, 은행 - 별도",[192530],광주은행,기타법인,641,은행 및 저축기관,12,2023-12-31,사업보고서,KRW,ifrs-full_RetainedEarnings,            이익잉여금,"1,234,644,589,987","1,139,306,968,182","1,064,992,096,624"
"재무상태표, 은행 - 별도",[192530],광주은행,기타법인,641,은행 및 저축기관,12,2023-12-31,사업보고서,KRW,dart_AmountRequiredToBeAddedReversedRegulatoryReserveForCreditLoss,               대손준비금 전입(환입)필요액,"-37,415,183,625","-31,719,326,585","9,778,630,671"
"재무상태표, 은행 - 별도",[192530],광주은행,기타법인,641,은행 및 저축기관,12,2023-12-31,사업보고서,KRW,dart_RegulatoryReserveForCreditLoss,               대손준비금 기적립액,"143,224,942,343","174,944,268,928","165,165,638,257"
"재무상태표, 은행 - 별도",[192530],광주은행,기타법인,641,은행 및 저축기관,12,2023-12-31,사업보고서,KRW,dart_RegulatoryReserveForCreditLossToBeAddedReversed,               대손준비금 전입(환입)예정액,"-37,415,183,625","-31,719,326,585","9,778,630,671"
"재무상태표, 은행 - 별도",[192530],광주은행,기타법인,641,은행 및 저축기관,12,2023-12-31,사업보고서,KRW,ifrs-full_EquityAndLiabilities,         자본과부채총계,"29,764,947,700,868","28,563,846,731,746","28,163,512,805,163"
"재무상태표, 은행 - 별도",[192530],광주은행,기타법인,641,은행 및 저축기관,12,2023-12-31,사업보고서,KRW,ifrs-full_BondsIssued,            발행사채,"1,519,953,385,432","1,389,892,357,453","939,821,133,979"
"재무상태표, 은행 - 별도",[192530],광주은행,기타법인,641,은행 및 저축기관,12,2023-12-31,사업보고서,KRW,ifrs-full_Borrowings,            차입부채,"963,271,314,012","1,035,115,861,576","1,148,798,431,609"
"재무상태표, 은행 - 별도",[192530],광주은행,기타법인,641,은행 및 저축기관,12,2023-12-31,사업보고서,KRW,ifrs-full_CurrentTaxLiabilities,            당기법인세부채,"30,433,029,406","54,738,218,462","36,898,237,206"
"재무상태표, 은행 - 별도",[192530],광주은행,기타법인,641,은행 및 저축기관,12,2023-12-31,사업보고서,KRW,ifrs-full_DepositsFromCustomers,            예수부채,"24,149,629,142,224","23,294,034,323,338","23,301,761,439,065"
"재무상태표, 은행 - 별도",[192530],광주은행,기타법인,641,은행 및 저축기관,12,2023-12-31,사업보고서,KRW,ifrs-full_FinancialLiabilitiesAtFairValueThroughProfitOrLoss,            당기손익-공정가치측정금융부채,"8,951,152,811","6,097,047,534","46,853,411"
"재무상태표, 은행 - 별도",[192530],광주은행,기타법인,641,은행 및 저축기관,12,2023-12-31,사업보고서,KRW,ifrs-full_Liabilities,            부채총계,"27,614,009,182,138","26,452,841,250,110","26,105,916,707,230"
"재무상태표, 은행 - 별도",[192530],광주은행,기타법인,641,은행 및 저축기관,12,2023-12-31,사업보고서,KRW,ifrs-full_OtherFinancialLiabilities,            기타금융부채,"880,974,807,283","646,778,434,470","654,533,242,305"
"재무상태표, 은행 - 별도",[192530],광주은행,기타법인,641,은행 및 저축기관,12,2023-12-31,사업보고서,KRW,ifrs-full_OtherNonfinancialLiabilities,            기타부채,"16,994,133,450","14,622,609,592","13,907,026,401"
"재무상태표, 은행 - 별도",[192530],광주은행,기타법인,641,은행 및 저축기관,12,2023-12-31,사업보고서,KRW,ifrs-full_Provisions,            충당부채,"43,802,217,520","11,562,397,685","10,150,343,254"
"재무상태표, 은행 - 별도",[060000],국민은행,기타법인,641,은행 및 저축기관,12,2023-12-31,사업보고서,KRW,dart_CashAndDuefromBanks,         현금및예치금,"21,648,290,000,000","22,296,244,000,000","22,368,904,000,000"
"재무상태표, 은행 - 별도",[060000],국민은행,기타법인,641,은행 및 저축기관,12,2023-12-31,사업보고서,KRW,dart_LoansAtAmortisedCost,         상각후원가측정대출채권,"373,623,010,000,000","363,839,085,000,000","349,438,762,000,000"
"재무상태표, 은행 - 별도",[060000],국민은행,기타법인,641,은행 및 저축기관,12,2023-12-31,사업보고서,KRW,entity00386937_FinancialInvestmentsOfAssetsAbstract,         투자금융자산,"76,764,526,000,000","74,026,021,000,000","62,584,129,000,000"
"재무상태표, 은행 - 별도",[060000],국민은행,기타법인,641,은행 및 저축기관,12,2023-12-31,사업보고서,KRW,ifrs-full_Assets,         자산총계,"512,372,841,000,000","500,343,475,000,000","464,773,397,000,000"
"재무상태표, 은행 - 별도",[060000],국민은행,기타법인,641,은행 및 저축기관,12,2023-12-31,사업보고서,KRW,ifrs-full_CurrentTaxAssets,         당기법인세자산,"225,022,000,000","187,017,000,000","51,191,000,000"
"재무상태표, 은행 - 별도",[060000],국민은행,기타법인,641,은행 및 저축기관,12,2023-12-31,사업보고서,KRW,ifrs-full_DerivativeFinancialAssets,         파생금융자산,"5,055,495,000,000","7,747,794,000,000","2,960,174,000,000"
"재무상태표, 은행 - 별도",[060000],국민은행,기타법인,641,은행 및 저축기관,12,2023-12-31,사업보고서,KRW,ifrs-full_FinancialAssetsAtFairValueThroughProfitOrLoss,         당기손익-공정가치측정금융자산,"16,609,611,000,000","18,154,550,000,000","14,782,128,000,000"
"재무상태표, 은행 - 별도",[060000],국민은행,기타법인,641,은행 및 저축기관,12,2023-12-31,사업보고서,KRW,ifrs-full_IntangibleAssetsAndGoodwill,         무형자산,"455,262,000,000","493,279,000,000","472,253,000,000"
"재무상태표, 은행 - 별도",[060000],국민은행,기타법인,641,은행 및 저축기관,12,2023-12-31,사업보고서,KRW,ifrs-full_InvestmentProperty,         투자부동산,"123,228,000,000","119,323,000,000","97,651,000,000"
"재무상태표, 은행 - 별도",[060000],국민은행,기타법인,641,은행 및 저축기관,12,2023-12-31,사업보고서,KRW,ifrs-full_InvestmentsInSubsidiariesJointVenturesAndAssociates,         관계기업 및 종속기업 투자,"3,276,848,000,000","2,747,295,000,000","2,964,238,000,000"
"재무상태표, 은행 - 별도",[060000],국민은행,기타법인,641,은행 및 저축기관,12,2023-12-31,사업보고서,KRW,ifrs-full_NoncurrentAssetsOrDisposalGroupsClassifiedAsHeldForSale,         매각예정자산,"32,407,000,000","30,971,000,000","44,159,000,000"
"재무상태표, 은행 - 별도",[060000],국민은행,기타법인,641,은행 및 저축기관,12,2023-12-31,사업보고서,KRW,ifrs-full_OtherAssets,         기타자산,"10,878,878,000,000","6,865,013,000,000","5,403,620,000,000"
"재무상태표, 은행 - 별도",[060000],국민은행,기타법인,641,은행 및 저축기관,12,2023-12-31,사업보고서,KRW,ifrs-full_PropertyPlantAndEquipment,         유형자산,"3,451,699,000,000","3,529,134,000,000","3,606,188,000,000"
"재무상태표, 은행 - 별도",[060000],국민은행,기타법인,641,은행 및 저축기관,12,2023-12-31,사업보고서,KRW,ifrs-full_RecognisedAssetsDefinedBenefitPlan,         순확정급여자산,"228,565,000,000","307,749,000,000",0
"재무상태표, 은행 - 별도",[060000],국민은행,기타법인,641,은행 및 저축기관,12,2023-12-31,사업보고서,KRW,dart_CapitalSurplus,            자본잉여금,"5,220,031,000,000","5,220,031,000,000","5,220,031,000,000"
"재무상태표, 은행 - 별도",[060000],국민은행,기타법인,641,은행 및 저축기관,12,2023-12-31,사업보고서,KRW,dart_HybridBonds,            신종자본증권,"1,282,935,000,000","873,850,000,000","574,523,000,000"
"재무상태표, 은행 - 별도",[060000],국민은행,기타법인,641,은행 및 저축기관,12,2023-12-31,사업보고서,KRW,ifrs-full_AccumulatedOtherComprehensiveIncome,            기타포괄손익누계액,"542,107,000,000","-86,385,000,000","1,362,438,000,000"
"재무상태표, 은행 - 별도",[060000],국민은행,기타법인,641,은행 및 저축기관,12,2023-12-31,사업보고서,KRW,ifrs-full_Equity,            자본총계,"36,215,236,000,000","33,553,781,000,000","32,617,601,000,000"
"재무상태표, 은행 - 별도",[060000],국민은행,기타법인,641,은행 및 저축기관,12,2023-12-31,사업보고서,KRW,ifrs-full_IssuedCapital,            자본금,"2,021,896,000,000","2,021,896,000,000","2,021,896,000,000"
"재무상태표, 은행 - 별도",[060000],국민은행,기타법인,641,은행 및 저축기관,12,2023-12-31,사업보고서,KRW,ifrs-full_RetainedEarnings,            이익잉여금,"27,148,267,000,000","25,524,389,000,000","23,438,713,000,000"
"재무상태표, 은행 - 별도",[060000],국민은행,기타법인,641,은행 및 저축기관,12,2023-12-31,사업보고서,KRW,dart_RegulatoryReserveForCreditLoss,               대손준비금 적립금액,"-2,785,965,000,000","-2,715,060,000,000","-2,434,041,000,000"
"재무상태표, 은행 - 별도",[060000],국민은행,기타법인,641,은행 및 저축기관,12,2023-12-31,사업보고서,KRW,dart_RegulatoryReserveForCreditLossToBeAddedReversed,               대손준비금 전입(환입) 예정금액,"384,274,000,000","-70,905,000,000","-281,019,000,000"
"재무상태표, 은행 - 별도",[060000],국민은행,기타법인,641,은행 및 저축기관,12,2023-12-31,사업보고서,KRW,ifrs-full_EquityAndLiabilities,         부채와자본총계,"512,372,841,000,000","500,343,475,000,000","464,773,397,000,000"
"재무상태표, 은행 - 별도",[060000],국민은행,기타법인,641,은행 및 저축기관,12,2023-12-31,사업보고서,KRW,ifrs-full_BondsIssued,            사채,"30,058,233,000,000","27,999,416,000,000","26,891,141,000,000"
"재무상태표, 은행 - 별도",[060000],국민은행,기타법인,641,은행 및 저축기관,12,2023-12-31,사업보고서,KRW,ifrs-full_CurrentTaxLiabilities,            당기법인세부채,"10,358,000,000","5,671,000,000","5,696,000,000"
"재무상태표, 은행 - 별도",[060000],국민은행,기타법인,641,은행 및 저축기관,12,2023-12-31,사업보고서,KRW,ifrs-full_DeferredTaxLiabilities,            이연법인세부채,"410,411,000,000","105,436,000,000","640,082,000,000"
"재무상태표, 은행 - 별도",[060000],국민은행,기타법인,641,은행 및 저축기관,12,2023-12-31,사업보고서,KRW,ifrs-full_DepositsFromCustomers,            예수부채,"380,266,822,000,000","368,100,984,000,000","349,615,372,000,000"
"재무상태표, 은행 - 별도",[060000],국민은행,기타법인,641,은행 및 저축기관,12,2023-12-31,사업보고서,KRW,ifrs-full_DerivativeFinancialLiabilities,            파생금융부채,"4,594,266,000,000","7,294,787,000,000","2,740,904,000,000"
"재무상태표, 은행 - 별도",[060000],국민은행,기타법인,641,은행 및 저축기관,12,2023-12-31,사업보고서,KRW,ifrs-full_FinancialLiabilitiesAtFairValueThroughProfitOrLoss,            당기손익-공정가치측정금융부채,"93,438,000,000","108,862,000,000","112,698,000,000"
"재무상태표, 은행 - 별도",[060000],국민은행,기타법인,641,은행 및 저축기관,12,2023-12-31,사업보고서,KRW,ifrs-full_Liabilities,            부채총계,"476,157,605,000,000","466,789,694,000,000","432,155,796,000,000"
"재무상태표, 은행 - 별도",[060000],국민은행,기타법인,641,은행 및 저축기관,12,2023-12-31,사업보고서,KRW,ifrs-full_OtherBorrowings,            차입부채,"33,023,146,000,000","43,664,670,000,000","31,073,908,000,000"
"재무상태표, 은행 - 별도",[060000],국민은행,기타법인,641,은행 및 저축기관,12,2023-12-31,사업보고서,KRW,ifrs-full_OtherLiabilities,            기타부채,"26,809,305,000,000","19,015,179,000,000","20,515,698,000,000"
"재무상태표, 은행 - 별도",[060000],국민은행,기타법인,641,은행 및 저축기관,12,2023-12-31,사업보고서,KRW,ifrs-full_Provisions,            충당부채,"891,191,000,000","494,238,000,000","421,792,000,000"
"재무상태표, 은행 - 별도",[060000],국민은행,기타법인,641,은행 및 저축기관,12,2023-12-31,사업보고서,KRW,ifrs-full_RecognisedLiabilitiesDefinedBenefitPlan,            순확정급여부채,"435,000,000","451,000,000","138,505,000,000"
"재무상태표, 은행 - 별도",[024110],기업은행,유가증권시장상장법인,641,은행 및 저축기관,12,2023-12-31,사업보고서,KRW,dart_CashAndDuefromBanks,         현금및예치금,"25,800,403,000,000","23,865,527,000,000","17,624,405,000,000"
"재무상태표, 은행 - 별도",[024110],기업은행,유가증권시장상장법인,641,은행 및 저축기관,12,2023-12-31,사업보고서,KRW,dart_LoansAtAmortisedCost,         상각후원가대출채권,"298,346,224,000,000","290,730,078,000,000","271,750,869,000,000"
"재무상태표, 은행 - 별도",[024110],기업은행,유가증권시장상장법인,641,은행 및 저축기관,12,2023-12-31,사업보고서,KRW,dart_SecuritiesAtAmortisedCost,         상각후원가유가증권,"34,409,613,000,000","38,431,591,000,000","36,148,328,000,000"
"재무상태표, 은행 - 별도",[024110],기업은행,유가증권시장상장법인,641,은행 및 저축기관,12,2023-12-31,사업보고서,KRW,ifrs-full_Assets,         자산총계,"412,695,280,000,000","397,897,911,000,000","368,177,498,000,000"
"재무상태표, 은행 - 별도",[024110],기업은행,유가증권시장상장법인,641,은행 및 저축기관,12,2023-12-31,사업보고서,KRW,ifrs-full_DeferredTaxAssets,         이연법인세자산,"2,483,000,000","2,154,000,000","3,037,000,000"
"재무상태표, 은행 - 별도",[024110],기업은행,유가증권시장상장법인,641,은행 및 저축기관,12,2023-12-31,사업보고서,KRW,ifrs-full_DerivativeFinancialAssetsHeldForHedging,         위험회피회계파생상품자산,"74,817,000,000","40,921,000,000","41,457,000,000"
"재무상태표, 은행 - 별도",[024110],기업은행,유가증권시장상장법인,641,은행 및 저축기관,12,2023-12-31,사업보고서,KRW,ifrs-full_FinancialAssetsAtFairValueThroughOtherComprehensiveIncome,         기타포괄손익금융자산,"23,345,723,000,000","21,398,222,000,000","19,023,073,000,000"
"재무상태표, 은행 - 별도",[024110],기업은행,유가증권시장상장법인,641,은행 및 저축기관,12,2023-12-31,사업보고서,KRW,ifrs-full_FinancialAssetsAtFairValueThroughProfitOrLoss,         당기손익금융자산,"11,625,071,000,000","11,636,867,000,000","11,543,508,000,000"
"재무상태표, 은행 - 별도",[024110],기업은행,유가증권시장상장법인,641,은행 및 저축기관,12,2023-12-31,사업보고서,KRW,ifrs-full_IntangibleAssetsAndGoodwill,         무형자산,"172,088,000,000","147,706,000,000","152,761,000,000"
"재무상태표, 은행 - 별도",[024110],기업은행,유가증권시장상장법인,641,은행 및 저축기관,12,2023-12-31,사업보고서,KRW,ifrs-full_InvestmentProperty,         투자부동산,"63,909,000,000","69,532,000,000","68,585,000,000"
"재무상태표, 은행 - 별도",[024110],기업은행,유가증권시장상장법인,641,은행 및 저축기관,12,2023-12-31,사업보고서,KRW,ifrs-full_InvestmentsInSubsidiariesJointVenturesAndAssociates,"         종속기업, 관계기업투자","3,332,786,000,000","2,897,746,000,000","2,831,804,000,000"
"재무상태표, 은행 - 별도",[024110],기업은행,유가증권시장상장법인,641,은행 및 저축기관,12,2023-12-31,사업보고서,KRW,ifrs-full_OtherAssets,         기타자산,"13,159,538,000,000","6,243,276,000,000","6,794,155,000,000"
"재무상태표, 은행 - 별도",[024110],기업은행,유가증권시장상장법인,641,은행 및 저축기관,12,2023-12-31,사업보고서,KRW,ifrs-full_PropertyPlantAndEquipment,         유형자산,"2,199,353,000,000","2,104,290,000,000","2,107,868,000,000"
"재무상태표, 은행 - 별도",[024110],기업은행,유가증권시장상장법인,641,은행 및 저축기관,12,2023-12-31,사업보고서,KRW,ifrs-full_RecognisedAssetsDefinedBenefitPlan,         순확정급여자산,"163,272,000,000","330,001,000,000","87,648,000,000"
"재무상태표, 은행 - 별도",[024110],기업은행,유가증권시장상장법인,641,은행 및 저축기관,12,2023-12-31,사업보고서,KRW,dart_CapitalAdjustments,            자본조정,"-309,000,000","-40,627,000,000","-92,000,000"
"재무상태표, 은행 - 별도",[024110],기업은행,유가증권시장상장법인,641,은행 및 저축기관,12,2023-12-31,사업보고서,KRW,dart_CapitalSurplus,            자본잉여금,"1,161,597,000,000","1,161,597,000,000","1,161,654,000,000"
"재무상태표, 은행 - 별도",[024110],기업은행,유가증권시장상장법인,641,은행 및 저축기관,12,2023-12-31,사업보고서,KRW,dart_HybridBonds,            신종자본증권,"4,133,457,000,000","3,614,677,000,000","3,499,180,000,000"
"재무상태표, 은행 - 별도",[024110],기업은행,유가증권시장상장법인,641,은행 및 저축기관,12,2023-12-31,사업보고서,KRW,ifrs-full_AccumulatedOtherComprehensiveIncome,            기타포괄손익누계액,"561,101,000,000","316,617,000,000","466,945,000,000"
"재무상태표, 은행 - 별도",[024110],기업은행,유가증권시장상장법인,641,은행 및 저축기관,12,2023-12-31,사업보고서,KRW,ifrs-full_Equity,            자본총계,"29,484,452,000,000","27,223,629,000,000","25,592,892,000,000"
"재무상태표, 은행 - 별도",[024110],기업은행,유가증권시장상장법인,641,은행 및 저축기관,12,2023-12-31,사업보고서,KRW,ifrs-full_IssuedCapital,            자본금,"4,211,365,000,000","4,211,365,000,000","4,211,365,000,000"
"재무상태표, 은행 - 별도",[024110],기업은행,유가증권시장상장법인,641,은행 및 저축기관,12,2023-12-31,사업보고서,KRW,ifrs-full_RetainedEarnings,            이익잉여금,"19,417,241,000,000","17,960,000,000,000","16,253,840,000,000"
"재무상태표, 은행 - 별도",[024110],기업은행,유가증권시장상장법인,641,은행 및 저축기관,12,2023-12-31,사업보고서,KRW,dart_RegulatoryReserveForCreditLoss,               대손준비금 기 적립액,"3,098,079,000,000","2,847,633,000,000","2,676,213,000,000"
"재무상태표, 은행 - 별도",[024110],기업은행,유가증권시장상장법인,641,은행 및 저축기관,12,2023-12-31,사업보고서,KRW,dart_RegulatoryReserveForCreditLossToBeAddedReversed,               대손준비금 전입예정금액,"57,831,000,000","250,446,000,000","171,420,000,000"
"재무상태표, 은행 - 별도",[024110],기업은행,유가증권시장상장법인,641,은행 및 저축기관,12,2023-12-31,사업보고서,KRW,ifrs-full_EquityAndLiabilities,         부채와자본총계,"412,695,280,000,000","397,897,911,000,000","368,177,498,000,000"
"재무상태표, 은행 - 별도",[024110],기업은행,유가증권시장상장법인,641,은행 및 저축기관,12,2023-12-31,사업보고서,KRW,ifrs-full_BondsIssued,            사채,"172,850,616,000,000","158,366,833,000,000","136,114,471,000,000"
"재무상태표, 은행 - 별도",[024110],기업은행,유가증권시장상장법인,641,은행 및 저축기관,12,2023-12-31,사업보고서,KRW,ifrs-full_DeferredTaxLiabilities,            이연법인세부채,"284,933,000,000","200,838,000,000","424,386,000,000"
"재무상태표, 은행 - 별도",[024110],기업은행,유가증권시장상장법인,641,은행 및 저축기관,12,2023-12-31,사업보고서,KRW,ifrs-full_DepositsFromCustomers,            예수부채,"148,542,549,000,000","148,919,499,000,000","153,165,259,000,000"
"재무상태표, 은행 - 별도",[024110],기업은행,유가증권시장상장법인,641,은행 및 저축기관,12,2023-12-31,사업보고서,KRW,ifrs-full_DerivativeFinancialLiabilitiesHeldForHedging,            위험회피회계파생상품부채,"201,714,000,000","286,701,000,000","70,350,000,000"
"재무상태표, 은행 - 별도",[024110],기업은행,유가증권시장상장법인,641,은행 및 저축기관,12,2023-12-31,사업보고서,KRW,ifrs-full_FinancialLiabilitiesAtFairValueThroughProfitOrLoss,            당기손익금융부채,"1,706,753,000,000","3,603,773,000,000","1,728,161,000,000"
"재무상태표, 은행 - 별도",[024110],기업은행,유가증권시장상장법인,641,은행 및 저축기관,12,2023-12-31,사업보고서,KRW,ifrs-full_Liabilities,            부채총계,"383,210,828,000,000","370,674,282,000,000","342,584,606,000,000"
"재무상태표, 은행 - 별도",[024110],기업은행,유가증권시장상장법인,641,은행 및 저축기관,12,2023-12-31,사업보고서,KRW,ifrs-full_OtherBorrowings,            차입부채,"36,294,445,000,000","45,442,000,000,000","40,238,241,000,000"
"재무상태표, 은행 - 별도",[024110],기업은행,유가증권시장상장법인,641,은행 및 저축기관,12,2023-12-31,사업보고서,KRW,ifrs-full_OtherLiabilities,            기타부채,"22,334,944,000,000","13,162,258,000,000","10,226,791,000,000"
"재무상태표, 은행 - 별도",[024110],기업은행,유가증권시장상장법인,641,은행 및 저축기관,12,2023-12-31,사업보고서,KRW,ifrs-full_Provisions,            충당부채,"994,874,000,000","692,380,000,000","616,947,000,000"
"재무상태표, 은행 - 별도",[005270],대구은행,기타법인,641,은행 및 저축기관,12,2023-12-31,사업보고서,KRW,dart_CashAndDuefromBanks,         현금및예치금,"2,904,516,284,107","2,562,432,825,954","3,053,940,857,205"
"재무상태표, 은행 - 별도",[005270],대구은행,기타법인,641,은행 및 저축기관,12,2023-12-31,사업보고서,KRW,dart_LoansAtAmortisedCost,         상각후원가측정대출채권,"56,652,627,405,498","53,654,718,255,108","49,998,391,346,381"
"재무상태표, 은행 - 별도",[005270],대구은행,기타법인,641,은행 및 저축기관,12,2023-12-31,사업보고서,KRW,dart_SecuritiesAtAmortisedCost,         상각후원가측정유가증권,"4,354,862,225,646","4,202,524,133,608","4,348,998,794,008"
"재무상태표, 은행 - 별도",[005270],대구은행,기타법인,641,은행 및 저축기관,12,2023-12-31,사업보고서,KRW,ifrs-full_Assets,         자산총계,"70,970,276,874,714","67,047,083,492,562","64,131,551,674,332"
"재무상태표, 은행 - 별도",[005270],대구은행,기타법인,641,은행 및 저축기관,12,2023-12-31,사업보고서,KRW,ifrs-full_DeferredTaxAssets,         이연법인세자산,"8,707,190,952","43,072,362,053","37,519,354,925"
"재무상태표, 은행 - 별도",[005270],대구은행,기타법인,641,은행 및 저축기관,12,2023-12-31,사업보고서,KRW,ifrs-full_DerivativeFinancialAssets,         파생상품자산,"75,745,523,724","211,245,266,091","52,787,330,631"
"재무상태표, 은행 - 별도",[005270],대구은행,기타법인,641,은행 및 저축기관,12,2023-12-31,사업보고서,KRW,ifrs-full_FinancialAssetsAtFairValueThroughOtherComprehensiveIncome,         기타포괄손익-공정가치측정금융자산,"3,503,299,984,907","3,206,231,989,352","3,437,285,238,648"
"재무상태표, 은행 - 별도",[005270],대구은행,기타법인,641,은행 및 저축기관,12,2023-12-31,사업보고서,KRW,ifrs-full_FinancialAssetsAtFairValueThroughProfitOrLoss,         당기손익-공정가치측정금융자산,"1,313,521,804,844","1,205,346,261,683","976,671,956,632"
"재무상태표, 은행 - 별도",[005270],대구은행,기타법인,641,은행 및 저축기관,12,2023-12-31,사업보고서,KRW,ifrs-full_IntangibleAssetsAndGoodwill,         무형자산,"121,205,504,762","125,741,354,033","127,375,569,217"
"재무상태표, 은행 - 별도",[005270],대구은행,기타법인,641,은행 및 저축기관,12,2023-12-31,사업보고서,KRW,ifrs-full_InvestmentProperty,         투자부동산,"108,628,589,807","110,818,670,632","99,308,446,880"
"재무상태표, 은행 - 별도",[005270],대구은행,기타법인,641,은행 및 저축기관,12,2023-12-31,사업보고서,KRW,ifrs-full_InvestmentsInSubsidiariesJointVenturesAndAssociates,         관계기업투자,"187,253,862,559","174,164,862,559","167,849,362,559"
"재무상태표, 은행 - 별도",[005270],대구은행,기타법인,641,은행 및 저축기관,12,2023-12-31,사업보고서,KRW,ifrs-full_OtherNonfinancialAssets,         기타자산,"1,090,010,363,737","910,000,540,223","1,222,177,516,140"
"재무상태표, 은행 - 별도",[005270],대구은행,기타법인,641,은행 및 저축기관,12,2023-12-31,사업보고서,KRW,ifrs-full_PropertyPlantAndEquipment,         유형자산,"549,561,797,368","560,948,009,186","596,192,577,123"
"재무상태표, 은행 - 별도",[005270],대구은행,기타법인,641,은행 및 저축기관,12,2023-12-31,사업보고서,KRW,ifrs-full_RecognisedAssetsDefinedBenefitPlan,         순확정급여자산,"100,336,336,803","79,838,962,080","13,053,323,983"
"재무상태표, 은행 - 별도",[005270],대구은행,기타법인,641,은행 및 저축기관,12,2023-12-31,사업보고서,KRW,dart_CapitalAdjustments,            자본조정,"-1,432,860,000",0,0
"재무상태표, 은행 - 별도",[005270],대구은행,기타법인,641,은행 및 저축기관,12,2023-12-31,사업보고서,KRW,dart_CapitalSurplus,            자본잉여금,"372,132,715,201","192,230,919,201","192,230,919,201"
"재무상태표, 은행 - 별도",[005270],대구은행,기타법인,641,은행 및 저축기관,12,2023-12-31,사업보고서,KRW,dart_HybridBonds,            신종자본증권,"199,434,960,000","688,284,620,000","688,284,620,000"
"재무상태표, 은행 - 별도",[005270],대구은행,기타법인,641,은행 및 저축기관,12,2023-12-31,사업보고서,KRW,ifrs-full_AccumulatedOtherComprehensiveIncome,            기타포괄손익누계액,"-64,290,915,447","-122,552,043,205","-94,694,897,110"
"재무상태표, 은행 - 별도",[005270],대구은행,기타법인,641,은행 및 저축기관,12,2023-12-31,사업보고서,KRW,ifrs-full_Equity,            자본총계,"4,671,989,450,484","4,755,288,747,943","4,639,080,638,097"
"재무상태표, 은행 - 별도",[005270],대구은행,기타법인,641,은행 및 저축기관,12,2023-12-31,사업보고서,KRW,ifrs-full_IssuedCapital,            자본금,"700,625,000,000","680,625,000,000","680,625,000,000"
"재무상태표, 은행 - 별도",[005270],대구은행,기타법인,641,은행 및 저축기관,12,2023-12-31,사업보고서,KRW,ifrs-full_RetainedEarnings,            이익잉여금,"3,465,520,550,730","3,316,700,251,947","3,172,634,996,006"
"재무상태표, 은행 - 별도",[005270],대구은행,기타법인,641,은행 및 저축기관,12,2023-12-31,사업보고서,KRW,dart_AmountRequiredToBeAddedReversedRegulatoryReserveForCreditLoss,               대손준비금 전입(환입) 필요액,"211,000,000","718,000,000","54,064,000,000"
"재무상태표, 은행 - 별도",[005270],대구은행,기타법인,641,은행 및 저축기관,12,2023-12-31,사업보고서,KRW,dart_RegulatoryReserveForCreditLoss,               대손준비금 적립액,"334,094,000,000","333,376,000,000","279,312,000,000"
"재무상태표, 은행 - 별도",[005270],대구은행,기타법인,641,은행 및 저축기관,12,2023-12-31,사업보고서,KRW,dart_RegulatoryReserveForCreditLossToBeAddedReversed,               대손준비금 전입(환입) 예정액,"211,000,000","718,000,000","54,064,000,000"
"재무상태표, 은행 - 별도",[005270],대구은행,기타법인,641,은행 및 저축기관,12,2023-12-31,사업보고서,KRW,ifrs-full_EquityAndLiabilities,         자본과부채총계,"70,970,276,874,714","67,047,083,492,562","64,131,551,674,332"
"재무상태표, 은행 - 별도",[005270],대구은행,기타법인,641,은행 및 저축기관,12,2023-12-31,사업보고서,KRW,ifrs-full_BondsIssued,            사채,"2,458,522,510,876","2,638,245,493,070","2,853,009,083,512"
"재무상태표, 은행 - 별도",[005270],대구은행,기타법인,641,은행 및 저축기관,12,2023-12-31,사업보고서,KRW,ifrs-full_Borrowings,            차입부채,"4,955,383,591,609","4,591,548,432,897","4,211,887,489,573"
"재무상태표, 은행 - 별도",[005270],대구은행,기타법인,641,은행 및 저축기관,12,2023-12-31,사업보고서,KRW,ifrs-full_DepositsFromCustomers,            예수부채,"56,967,550,009,654","53,383,775,385,304","50,130,002,237,062"
"재무상태표, 은행 - 별도",[005270],대구은행,기타법인,641,은행 및 저축기관,12,2023-12-31,사업보고서,KRW,ifrs-full_DerivativeFinancialLiabilities,            파생상품부채,"79,984,872,512","223,998,440,330","46,224,421,639"
"재무상태표, 은행 - 별도",[005270],대구은행,기타법인,641,은행 및 저축기관,12,2023-12-31,사업보고서,KRW,ifrs-full_Liabilities,            부채총계,"66,298,287,424,230","62,291,794,744,619","59,492,471,036,235"
"재무상태표, 은행 - 별도",[005270],대구은행,기타법인,641,은행 및 저축기관,12,2023-12-31,사업보고서,KRW,ifrs-full_OtherNonfinancialLiabilities,            기타부채,"1,742,178,160,483","1,414,287,065,567","2,214,160,860,002"
"재무상태표, 은행 - 별도",[005270],대구은행,기타법인,641,은행 및 저축기관,12,2023-12-31,사업보고서,KRW,ifrs-full_Provisions,            충당부채,"94,668,279,096","39,939,927,451","37,186,944,447"
"재무상태표, 은행 - 별도",[005280],부산은행,기타법인,641,은행 및 저축기관,12,2023-12-31,사업보고서,KRW,dart_CashAndDuefromBanks,         현금및예치금,"3,020,281,824,864","3,422,673,004,875","2,933,067,524,946"
"재무상태표, 은행 - 별도",[005280],부산은행,기타법인,641,은행 및 저축기관,12,2023-12-31,사업보고서,KRW,entity00124106_InvestmentsInFinancialAssetsOfAssetsAbstract,         투자금융자산,"11,319,414,304,906","9,901,692,304,609","9,672,043,827,759"
"재무상태표, 은행 - 별도",[005280],부산은행,기타법인,641,은행 및 저축기관,12,2023-12-31,사업보고서,KRW,ifrs-full_FinancialAssetsAtAmortisedCost,            상각후원가측정금융자산,"5,428,989,367,356","5,576,516,606,660","5,040,344,710,144"
"재무상태표, 은행 - 별도",[005280],부산은행,기타법인,641,은행 및 저축기관,12,2023-12-31,사업보고서,KRW,ifrs-full_FinancialAssetsAtFairValueThroughOtherComprehensiveIncome,            기타포괄손익-공정가치측정금융자산,"3,789,461,168,795","2,792,077,419,874","3,035,309,281,978"
"재무상태표, 은행 - 별도",[005280],부산은행,기타법인,641,은행 및 저축기관,12,2023-12-31,사업보고서,KRW,ifrs-full_FinancialAssetsAtFairValueThroughProfitOrLoss,            당기손익-공정가치측정금융자산,"2,100,963,768,755","1,533,098,278,075","1,596,389,835,637"
"재무상태표, 은행 - 별도",[005280],부산은행,기타법인,641,은행 및 저축기관,12,2023-12-31,사업보고서,KRW,entity00124106_udf_BS_202392091936114OfAssetsAbstract,         대출채권 및 수취채권,"61,216,691,999,959","58,332,336,433,167","52,816,715,982,793"
"재무상태표, 은행 - 별도",[005280],부산은행,기타법인,641,은행 및 저축기관,12,2023-12-31,사업보고서,KRW,dart_LoansAtAmortisedCost,            상각후원가측정대출채권,"60,257,685,018,520","57,337,629,232,759","52,058,258,913,200"
"재무상태표, 은행 - 별도",[005280],부산은행,기타법인,641,은행 및 저축기관,12,2023-12-31,사업보고서,KRW,dart_LoansAtFairValueThroughProfitOrLoss,            당기손익-공정가치측정대출채권,0,"2,134,284,364","2,117,815,493"
"재무상태표, 은행 - 별도",[005280],부산은행,기타법인,641,은행 및 저축기관,12,2023-12-31,사업보고서,KRW,entity00124106_ReceivablesOfudf_BS_202392091936114OfAssetsAbstract,            수취채권,"959,006,981,439","992,572,916,044","756,339,254,100"
"재무상태표, 은행 - 별도",[005280],부산은행,기타법인,641,은행 및 저축기관,12,2023-12-31,사업보고서,KRW,ifrs-full_Assets,         자산총계,"76,715,928,505,450","72,809,711,602,527","66,425,752,257,557"
"재무상태표, 은행 - 별도",[005280],부산은행,기타법인,641,은행 및 저축기관,12,2023-12-31,사업보고서,KRW,ifrs-full_CurrentTaxAssets,         당기법인세자산,0,"2,702,623,993",0
"재무상태표, 은행 - 별도",[005280],부산은행,기타법인,641,은행 및 저축기관,12,2023-12-31,사업보고서,KRW,ifrs-full_DerivativeFinancialAssets,         파생상품자산,"38,294,410,622","54,787,127,638","16,766,138,476"
"재무상태표, 은행 - 별도",[005280],부산은행,기타법인,641,은행 및 저축기관,12,2023-12-31,사업보고서,KRW,ifrs-full_IntangibleAssetsAndGoodwill,         무형자산,"123,488,120,095","128,916,096,742","126,961,089,224"
"재무상태표, 은행 - 별도",[005280],부산은행,기타법인,641,은행 및 저축기관,12,2023-12-31,사업보고서,KRW,ifrs-full_InvestmentProperty,         투자부동산,"153,795,320,102","165,533,262,019","155,432,871,807"
"재무상태표, 은행 - 별도",[005280],부산은행,기타법인,641,은행 및 저축기관,12,2023-12-31,사업보고서,KRW,ifrs-full_OtherNonfinancialAssets,         기타자산,"45,146,810,858","38,783,645,312","38,743,348,066"
"재무상태표, 은행 - 별도",[005280],부산은행,기타법인,641,은행 및 저축기관,12,2023-12-31,사업보고서,KRW,ifrs-full_PropertyPlantAndEquipment,         유형자산,"698,531,543,726","646,951,380,931","647,843,292,536"
"재무상태표, 은행 - 별도",[005280],부산은행,기타법인,641,은행 및 저축기관,12,2023-12-31,사업보고서,KRW,ifrs-full_RecognisedAssetsDefinedBenefitPlan,         순확정급여자산,"100,284,170,318","115,335,723,241","18,178,181,950"
"재무상태표, 은행 - 별도",[005280],부산은행,기타법인,641,은행 및 저축기관,12,2023-12-31,사업보고서,KRW,dart_CapitalSurplus,            자본잉여금,"395,299,098,000","395,208,098,000","395,780,618,000"
"재무상태표, 은행 - 별도",[005280],부산은행,기타법인,641,은행 및 저축기관,12,2023-12-31,사업보고서,KRW,dart_ElementsOfOtherStockholdersEquity,            기타자본구성요소,"-36,062,403,868","-101,577,250,138","-77,465,127,355"
"재무상태표, 은행 - 별도",[005280],부산은행,기타법인,641,은행 및 저축기관,12,2023-12-31,사업보고서,KRW,dart_HybridBonds,            신종자본증권,"249,252,460,000","448,770,940,000","448,613,440,000"
"재무상태표, 은행 - 별도",[005280],부산은행,기타법인,641,은행 및 저축기관,12,2023-12-31,사업보고서,KRW,ifrs-full_Equity,            자본총계,"5,653,157,235,226","5,669,520,733,968","5,479,293,501,067"
"재무상태표, 은행 - 별도",[005280],부산은행,기타법인,641,은행 및 저축기관,12,2023-12-31,사업보고서,KRW,ifrs-full_IssuedCapital,            자본금,"977,418,250,000","977,418,250,000","977,418,250,000"
"재무상태표, 은행 - 별도",[005280],부산은행,기타법인,641,은행 및 저축기관,12,2023-12-31,사업보고서,KRW,ifrs-full_RetainedEarnings,            이익잉여금,"4,067,249,831,094","3,949,700,696,106","3,734,946,320,422"
"재무상태표, 은행 - 별도",[005280],부산은행,기타법인,641,은행 및 저축기관,12,2023-12-31,사업보고서,KRW,dart_AmountRequiredToBeAddedReversedRegulatoryReserveForCreditLoss,               대손준비금 전입(환입) 필요액,"-40,893,000,000","-47,027,000,000","58,599,000,000"
"재무상태표, 은행 - 별도",[005280],부산은행,기타법인,641,은행 및 저축기관,12,2023-12-31,사업보고서,KRW,dart_RegulatoryReserveForCreditLoss,               대손준비금 기적립액,"250,446,000,000","297,473,000,000","238,874,000,000"
"재무상태표, 은행 - 별도",[005280],부산은행,기타법인,641,은행 및 저축기관,12,2023-12-31,사업보고서,KRW,dart_RegulatoryReserveForCreditLossToBeAddedReversed,               대손준비금 적립(환입)예정액,"-40,893,000,000","-47,027,000,000","58,599,000,000"
"재무상태표, 은행 - 별도",[005280],부산은행,기타법인,641,은행 및 저축기관,12,2023-12-31,사업보고서,KRW,dart_UnreservedAmountRegulatoryReserveForCreditLoss,               대손준비금 미적립액,0,0,0
"재무상태표, 은행 - 별도",[005280],부산은행,기타법인,641,은행 및 저축기관,12,2023-12-31,사업보고서,KRW,ifrs-full_EquityAndLiabilities,         자본과부채총계,"76,715,928,505,450","72,809,711,602,527","66,425,752,257,557"
"재무상태표, 은행 - 별도",[005280],부산은행,기타법인,641,은행 및 저축기관,12,2023-12-31,사업보고서,KRW,ifrs-full_BondsIssued,            사채,"3,253,679,179,703","2,706,245,698,273","3,173,791,249,849"
"재무상태표, 은행 - 별도",[005280],부산은행,기타법인,641,은행 및 저축기관,12,2023-12-31,사업보고서,KRW,ifrs-full_Borrowings,            차입부채,"2,690,443,628,159","2,946,156,477,739","2,649,897,116,548"
"재무상태표, 은행 - 별도",[005280],부산은행,기타법인,641,은행 및 저축기관,12,2023-12-31,사업보고서,KRW,ifrs-full_CurrentTaxLiabilities,            당기법인세부채,"30,802,741,849","80,294,807,951","60,797,368,999"
"재무상태표, 은행 - 별도",[005280],부산은행,기타법인,641,은행 및 저축기관,12,2023-12-31,사업보고서,KRW,ifrs-full_DeferredTaxLiabilities,            이연법인세부채,"34,025,061,329","6,141,304,275","3,196,410,914"
"재무상태표, 은행 - 별도",[005280],부산은행,기타법인,641,은행 및 저축기관,12,2023-12-31,사업보고서,KRW,ifrs-full_DepositsFromCustomers,            예수부채,"62,183,202,167,666","59,501,057,702,622","53,374,349,840,191"
"재무상태표, 은행 - 별도",[005280],부산은행,기타법인,641,은행 및 저축기관,12,2023-12-31,사업보고서,KRW,ifrs-full_DerivativeFinancialLiabilities,            파생상품부채,"65,743,138,214","114,787,141,989","19,013,381,749"
"재무상태표, 은행 - 별도",[005280],부산은행,기타법인,641,은행 및 저축기관,12,2023-12-31,사업보고서,KRW,ifrs-full_Liabilities,            부채총계,"71,062,771,270,224","67,140,190,868,559","60,946,458,756,490"
"재무상태표, 은행 - 별도",[005280],부산은행,기타법인,641,은행 및 저축기관,12,2023-12-31,사업보고서,KRW,ifrs-full_OtherNonfinancialLiabilities,            기타부채,"2,700,667,668,061","1,728,670,299,434","1,605,307,238,039"
"재무상태표, 은행 - 별도",[005280],부산은행,기타법인,641,은행 및 저축기관,12,2023-12-31,사업보고서,KRW,ifrs-full_Provisions,            충당부채,"104,207,685,243","56,837,436,276","60,106,150,201"
"재무상태표, 은행 - 별도",[000010],신한은행,기타법인,641,은행 및 저축기관,12,2023-12-31,사업보고서,KRW,dart_CashAndDuefromBanks,         현금및예치금,"22,333,042,000,000","16,402,829,000,000","17,506,073,000,000"
"재무상태표, 은행 - 별도",[000010],신한은행,기타법인,641,은행 및 저축기관,12,2023-12-31,사업보고서,KRW,dart_LoansAtAmortisedCost,         상각후원가측정대출채권,"317,062,249,000,000","315,234,621,000,000","299,559,783,000,000"
"재무상태표, 은행 - 별도",[000010],신한은행,기타법인,641,은행 및 저축기관,12,2023-12-31,사업보고서,KRW,dart_LoansAtFairValueThroughProfitOrLoss,         당기손익-공정가치측정대출채권,"515,564,000,000","950,519,000,000","859,745,000,000"
"재무상태표, 은행 - 별도",[000010],신한은행,기타법인,641,은행 및 저축기관,12,2023-12-31,사업보고서,KRW,dart_SecuritiesAtAmortisedCost,         상각후원가측정유가증권,"28,907,293,000,000","27,081,299,000,000","19,996,310,000,000"
"재무상태표, 은행 - 별도",[000010],신한은행,기타법인,641,은행 및 저축기관,12,2023-12-31,사업보고서,KRW,dart_SecuritiesAtFairValueThroughOtherComprehensiveIncome,         기타포괄손익-공정가치측정유가증권,"49,630,720,000,000","47,778,295,000,000","47,245,324,000,000"
"재무상태표, 은행 - 별도",[000010],신한은행,기타법인,641,은행 및 저축기관,12,2023-12-31,사업보고서,KRW,dart_SecuritiesAtFairValueThroughProfitOrLoss,         당기손익-공정가치측정유가증권,"23,494,168,000,000","20,645,384,000,000","22,173,110,000,000"
"재무상태표, 은행 - 별도",[000010],신한은행,기타법인,641,은행 및 저축기관,12,2023-12-31,사업보고서,KRW,entity00149293_udf_BS_2023814155613974OfAssetsAbstract,         기타자산,"17,657,164,000,000","15,132,789,000,000","16,216,672,000,000"
"재무상태표, 은행 - 별도",[000010],신한은행,기타법인,641,은행 및 저축기관,12,2023-12-31,사업보고서,KRW,ifrs-full_Assets,         자산총계,"469,727,053,000,000","454,842,498,000,000","432,515,895,000,000"
"재무상태표, 은행 - 별도",[000010],신한은행,기타법인,641,은행 및 저축기관,12,2023-12-31,사업보고서,KRW,ifrs-full_CurrentTaxAssets,         당기법인세자산,"8,511,000,000","6,039,000,000","8,641,000,000"
"재무상태표, 은행 - 별도",[000010],신한은행,기타법인,641,은행 및 저축기관,12,2023-12-31,사업보고서,KRW,ifrs-full_DeferredTaxAssets,         이연법인세자산,"23,686,000,000","329,421,000,000","171,150,000,000"
"재무상태표, 은행 - 별도",[000010],신한은행,기타법인,641,은행 및 저축기관,12,2023-12-31,사업보고서,KRW,ifrs-full_DerivativeFinancialAssets,         파생상품자산,"3,262,590,000,000","4,904,187,000,000","2,999,159,000,000"
"재무상태표, 은행 - 별도",[000010],신한은행,기타법인,641,은행 및 저축기관,12,2023-12-31,사업보고서,KRW,ifrs-full_IntangibleAssetsAndGoodwill,         무형자산,"1,020,354,000,000","564,569,000,000","479,744,000,000"
"재무상태표, 은행 - 별도",[000010],신한은행,기타법인,641,은행 및 저축기관,12,2023-12-31,사업보고서,KRW,ifrs-full_InvestmentProperty,         투자부동산,"615,303,000,000","597,402,000,000","602,835,000,000"
"재무상태표, 은행 - 별도",[000010],신한은행,기타법인,641,은행 및 저축기관,12,2023-12-31,사업보고서,KRW,ifrs-full_InvestmentsInSubsidiariesJointVenturesAndAssociates,         관계기업에대한투자자산,"2,557,874,000,000","2,330,159,000,000","2,281,634,000,000"
"재무상태표, 은행 - 별도",[000010],신한은행,기타법인,641,은행 및 저축기관,12,2023-12-31,사업보고서,KRW,ifrs-full_NoncurrentAssetsOrDisposalGroupsClassifiedAsHeldForSale,         매각예정비유동자산,"6,590,000,000",0,0
"재무상태표, 은행 - 별도",[000010],신한은행,기타법인,641,은행 및 저축기관,12,2023-12-31,사업보고서,KRW,ifrs-full_PropertyPlantAndEquipment,         유형자산,"2,354,161,000,000","2,354,811,000,000","2,297,381,000,000"
"재무상태표, 은행 - 별도",[000010],신한은행,기타법인,641,은행 및 저축기관,12,2023-12-31,사업보고서,KRW,ifrs-full_RecognisedAssetsDefinedBenefitPlan,         순확정급여자산,"277,784,000,000","530,174,000,000","118,334,000,000"
"재무상태표, 은행 - 별도",[000010],신한은행,기타법인,641,은행 및 저축기관,12,2023-12-31,사업보고서,KRW,dart_CapitalAdjustments,            자본조정,"5,895,000,000","6,465,000,000","6,692,000,000"
"재무상태표, 은행 - 별도",[000010],신한은행,기타법인,641,은행 및 저축기관,12,2023-12-31,사업보고서,KRW,dart_CapitalSurplus,            자본잉여금,"398,080,000,000","398,080,000,000","398,080,000,000"
"재무상태표, 은행 - 별도",[000010],신한은행,기타법인,641,은행 및 저축기관,12,2023-12-31,사업보고서,KRW,dart_HybridBonds,            신종자본증권,"1,988,535,000,000","2,088,542,000,000","1,586,662,000,000"
"재무상태표, 은행 - 별도",[000010],신한은행,기타법인,641,은행 및 저축기관,12,2023-12-31,사업보고서,KRW,ifrs-full_AccumulatedOtherComprehensiveIncome,            기타포괄손익누계액,"-472,747,000,000","-1,128,983,000,000","-522,669,000,000"
"재무상태표, 은행 - 별도",[000010],신한은행,기타법인,641,은행 및 저축기관,12,2023-12-31,사업보고서,KRW,ifrs-full_Equity,            자본총계,"31,056,912,000,000","29,138,740,000,000","27,573,663,000,000"
"재무상태표, 은행 - 별도",[000010],신한은행,기타법인,641,은행 및 저축기관,12,2023-12-31,사업보고서,KRW,ifrs-full_IssuedCapital,            자본금,"7,928,078,000,000","7,928,078,000,000","7,928,078,000,000"
"재무상태표, 은행 - 별도",[000010],신한은행,기타법인,641,은행 및 저축기관,12,2023-12-31,사업보고서,KRW,ifrs-full_RetainedEarnings,            이익잉여금,"21,209,071,000,000","19,846,558,000,000","18,176,820,000,000"
"재무상태표, 은행 - 별도",[000010],신한은행,기타법인,641,은행 및 저축기관,12,2023-12-31,사업보고서,KRW,dart_AmountRequiredToBeAddedReversedRegulatoryReserveForCreditLoss,               대손준비금 전입(환입) 필요액,"-184,323,000,000","-141,679,000,000","283,643,000,000"
"재무상태표, 은행 - 별도",[000010],신한은행,기타법인,641,은행 및 저축기관,12,2023-12-31,사업보고서,KRW,dart_RegulatoryReserveForCreditLoss,               대손준비금 적립액,"2,418,175,000,000","2,559,855,000,000","2,276,212,000,000"
"재무상태표, 은행 - 별도",[000010],신한은행,기타법인,641,은행 및 저축기관,12,2023-12-31,사업보고서,KRW,dart_RegulatoryReserveForCreditLossToBeAddedReversed,               대손준비금 전입(환입) 예정액,"-184,323,000,000","-141,679,000,000","283,643,000,000"
"재무상태표, 은행 - 별도",[000010],신한은행,기타법인,641,은행 및 저축기관,12,2023-12-31,사업보고서,KRW,ifrs-full_EquityAndLiabilities,         부채와 자본,"469,727,053,000,000","454,842,498,000,000","432,515,895,000,000"
"재무상태표, 은행 - 별도",[000010],신한은행,기타법인,641,은행 및 저축기관,12,2023-12-31,사업보고서,KRW,entity00149293_udf_BS_2023814154621367OfLiabilitiesAbstract,            기타부채,"33,652,345,000,000","21,782,981,000,000","19,472,632,000,000"
"재무상태표, 은행 - 별도",[000010],신한은행,기타법인,641,은행 및 저축기관,12,2023-12-31,사업보고서,KRW,ifrs-full_BondsIssued,            사채,"34,530,057,000,000","30,935,213,000,000","34,956,862,000,000"
"재무상태표, 은행 - 별도",[000010],신한은행,기타법인,641,은행 및 저축기관,12,2023-12-31,사업보고서,KRW,ifrs-full_Borrowings,            차입부채,"25,696,911,000,000","23,670,126,000,000","20,345,021,000,000"
"재무상태표, 은행 - 별도",[000010],신한은행,기타법인,641,은행 및 저축기관,12,2023-12-31,사업보고서,KRW,ifrs-full_CurrentTaxLiabilities,            당기법인세부채,"125,614,000,000","441,602,000,000","285,122,000,000"
"재무상태표, 은행 - 별도",[000010],신한은행,기타법인,641,은행 및 저축기관,12,2023-12-31,사업보고서,KRW,ifrs-full_DepositsFromCustomers,            예수부채,"339,769,070,000,000","342,202,963,000,000","326,016,200,000,000"
"재무상태표, 은행 - 별도",[000010],신한은행,기타법인,641,은행 및 저축기관,12,2023-12-31,사업보고서,KRW,ifrs-full_DerivativeFinancialLiabilities,            파생상품부채,"3,519,083,000,000","5,817,237,000,000","2,857,887,000,000"
"재무상태표, 은행 - 별도",[000010],신한은행,기타법인,641,은행 및 저축기관,12,2023-12-31,사업보고서,KRW,ifrs-full_FinancialLiabilitiesAtFairValueThroughProfitOrLoss,            당기손익-공정가치측정금융부채,"419,342,000,000","424,964,000,000","583,662,000,000"
"재무상태표, 은행 - 별도",[000010],신한은행,기타법인,641,은행 및 저축기관,12,2023-12-31,사업보고서,KRW,ifrs-full_FinancialLiabilitiesAtFairValueThroughProfitOrLossDesignatedAsUponInitialRecognition,            당기손익-공정가치측정지정금융부채,"254,832,000,000","47,327,000,000",0
"재무상태표, 은행 - 별도",[000010],신한은행,기타법인,641,은행 및 저축기관,12,2023-12-31,사업보고서,KRW,ifrs-full_Liabilities,            부채총계,"438,670,141,000,000","425,703,758,000,000","404,942,232,000,000"
"재무상태표, 은행 - 별도",[000010],신한은행,기타법인,641,은행 및 저축기관,12,2023-12-31,사업보고서,KRW,ifrs-full_Provisions,            충당부채,"702,887,000,000","381,345,000,000","424,846,000,000"
"재무상태표, 은행 - 별도",[000030],우리은행,기타법인,641,은행 및 저축기관,12,2023-12-31,사업보고서,KRW,dart_SecuritiesAtAmortisedCost,         상각후원가측정유가증권,"23,584,608,000,000","27,304,915,000,000","16,820,334,000,000"
"재무상태표, 은행 - 별도",[000030],우리은행,기타법인,641,은행 및 저축기관,12,2023-12-31,사업보고서,KRW,ifrs-full_Assets,         자산총계,"436,687,888,000,000","424,535,517,000,000","397,357,115,000,000"
"재무상태표, 은행 - 별도",[000030],우리은행,기타법인,641,은행 및 저축기관,12,2023-12-31,사업보고서,KRW,ifrs-full_CashAndCashEquivalents,         현금및현금성자산,"27,066,108,000,000","30,513,261,000,000","18,398,061,000,000"
"재무상태표, 은행 - 별도",[000030],우리은행,기타법인,641,은행 및 저축기관,12,2023-12-31,사업보고서,KRW,ifrs-full_CurrentTaxAssets,         당기법인세자산,"126,388,000,000","13,534,000,000","1,384,000,000"
"재무상태표, 은행 - 별도",[000030],우리은행,기타법인,641,은행 및 저축기관,12,2023-12-31,사업보고서,KRW,ifrs-full_DeferredTaxAssets,         이연법인세자산,0,"60,910,000,000",0
"재무상태표, 은행 - 별도",[000030],우리은행,기타법인,641,은행 및 저축기관,12,2023-12-31,사업보고서,KRW,ifrs-full_DerivativeFinancialAssetsHeldForHedging,         파생상품자산(위험회피목적),"698,000,000",0,"95,086,000,000"
"재무상태표, 은행 - 별도",[000030],우리은행,기타법인,641,은행 및 저축기관,12,2023-12-31,사업보고서,KRW,ifrs-full_FinancialAssetsAtAmortisedCost,         상각후원가측정대출채권및기타금융자산,"320,810,617,000,000","308,785,393,000,000","305,277,755,000,000"
"재무상태표, 은행 - 별도",[000030],우리은행,기타법인,641,은행 및 저축기관,12,2023-12-31,사업보고서,KRW,ifrs-full_FinancialAssetsAtFairValueThroughOtherComprehensiveIncome,         기타포괄손익-공정가치측정금융자산,"36,375,201,000,000","31,521,739,000,000","37,431,137,000,000"
"재무상태표, 은행 - 별도",[000030],우리은행,기타법인,641,은행 및 저축기관,12,2023-12-31,사업보고서,KRW,ifrs-full_FinancialAssetsAtFairValueThroughProfitOrLoss,         당기손익-공정가치측정금융자산,"21,118,307,000,000","18,903,736,000,000","12,096,394,000,000"
"재무상태표, 은행 - 별도",[000030],우리은행,기타법인,641,은행 및 저축기관,12,2023-12-31,사업보고서,KRW,ifrs-full_IntangibleAssetsAndGoodwill,         무형자산,"305,640,000,000","231,007,000,000","267,484,000,000"
"재무상태표, 은행 - 별도",[000030],우리은행,기타법인,641,은행 및 저축기관,12,2023-12-31,사업보고서,KRW,ifrs-full_InvestmentProperty,         투자부동산,"528,615,000,000","540,748,000,000","527,115,000,000"
"재무상태표, 은행 - 별도",[000030],우리은행,기타법인,641,은행 및 저축기관,12,2023-12-31,사업보고서,KRW,ifrs-full_InvestmentsInSubsidiariesJointVenturesAndAssociates,         종속기업및관계기업투자자산,"3,734,506,000,000","3,701,365,000,000","3,708,698,000,000"
"재무상태표, 은행 - 별도",[000030],우리은행,기타법인,641,은행 및 저축기관,12,2023-12-31,사업보고서,KRW,ifrs-full_NoncurrentAssetsOrDisposalGroupsClassifiedAsHeldForSale,         매각예정자산,"11,573,000,000","9,589,000,000","24,797,000,000"
"재무상태표, 은행 - 별도",[000030],우리은행,기타법인,641,은행 및 저축기관,12,2023-12-31,사업보고서,KRW,ifrs-full_OtherNonfinancialAssets,         기타자산,"251,671,000,000","139,689,000,000","123,419,000,000"
"재무상태표, 은행 - 별도",[000030],우리은행,기타법인,641,은행 및 저축기관,12,2023-12-31,사업보고서,KRW,ifrs-full_PropertyPlantAndEquipment,         유형자산,"2,552,410,000,000","2,521,958,000,000","2,572,767,000,000"
"재무상태표, 은행 - 별도",[000030],우리은행,기타법인,641,은행 및 저축기관,12,2023-12-31,사업보고서,KRW,ifrs-full_RecognisedAssetsDefinedBenefitPlan,         순확정급여자산,"221,546,000,000","287,673,000,000","12,684,000,000"
"재무상태표, 은행 - 별도",[000030],우리은행,기타법인,641,은행 및 저축기관,12,2023-12-31,사업보고서,KRW,dart_CapitalSurplus,            자본잉여금,"1,068,420,000,000","1,068,420,000,000","1,068,420,000,000"
"재무상태표, 은행 - 별도",[000030],우리은행,기타법인,641,은행 및 저축기관,12,2023-12-31,사업보고서,KRW,dart_ElementsOfOtherStockholdersEquity,            기타자본,"51,880,000,000","-660,858,000,000","-394,606,000,000"
"재무상태표, 은행 - 별도",[000030],우리은행,기타법인,641,은행 및 저축기관,12,2023-12-31,사업보고서,KRW,dart_HybridBonds,            신종자본증권,"1,546,447,000,000","2,344,816,000,000","2,555,166,000,000"
"재무상태표, 은행 - 별도",[000030],우리은행,기타법인,641,은행 및 저축기관,12,2023-12-31,사업보고서,KRW,ifrs-full_Equity,            자본총계,"25,096,753,000,000","24,433,857,000,000","23,690,556,000,000"
"재무상태표, 은행 - 별도",[000030],우리은행,기타법인,641,은행 및 저축기관,12,2023-12-31,사업보고서,KRW,ifrs-full_IssuedCapital,            자본금,"3,581,392,000,000","3,581,392,000,000","3,581,392,000,000"
"재무상태표, 은행 - 별도",[000030],우리은행,기타법인,641,은행 및 저축기관,12,2023-12-31,사업보고서,KRW,ifrs-full_RetainedEarnings,            이익잉여금,"18,848,614,000,000","18,100,087,000,000","16,880,184,000,000"
"재무상태표, 은행 - 별도",[000030],우리은행,기타법인,641,은행 및 저축기관,12,2023-12-31,사업보고서,KRW,dart_AmountRequiredToBeAddedReversedRegulatoryReserveForCreditLoss,               대손준비금 환입(전입)필요액,"396,732,000,000","147,296,000,000","-286,584,000,000"
"재무상태표, 은행 - 별도",[000030],우리은행,기타법인,641,은행 및 저축기관,12,2023-12-31,사업보고서,KRW,dart_RegulatoryReserveForCreditLoss,               대손준비금 적립액,"-2,164,140,000,000","-2,311,436,000,000","-2,024,852,000,000"
"재무상태표, 은행 - 별도",[000030],우리은행,기타법인,641,은행 및 저축기관,12,2023-12-31,사업보고서,KRW,dart_RegulatoryReserveForCreditLossToBeAddedReversed,               대손준비금 환입(전입)예정액,"396,732,000,000","147,296,000,000","-286,584,000,000"
"재무상태표, 은행 - 별도",[000030],우리은행,기타법인,641,은행 및 저축기관,12,2023-12-31,사업보고서,KRW,ifrs-full_EquityAndLiabilities,         자본과부채총계,"436,687,888,000,000","424,535,517,000,000","397,357,115,000,000"
"재무상태표, 은행 - 별도",[000030],우리은행,기타법인,641,은행 및 저축기관,12,2023-12-31,사업보고서,KRW,ifrs-full_BondsIssued,            발행사채,"21,273,027,000,000","24,635,427,000,000","26,474,283,000,000"
"재무상태표, 은행 - 별도",[000030],우리은행,기타법인,641,은행 및 저축기관,12,2023-12-31,사업보고서,KRW,ifrs-full_Borrowings,            차입부채,"21,461,867,000,000","21,717,702,000,000","17,879,734,000,000"
"재무상태표, 은행 - 별도",[000030],우리은행,기타법인,641,은행 및 저축기관,12,2023-12-31,사업보고서,KRW,ifrs-full_CurrentTaxLiabilities,            당기법인세부채,"23,061,000,000","664,012,000,000","445,716,000,000"
"재무상태표, 은행 - 별도",[000030],우리은행,기타법인,641,은행 및 저축기관,12,2023-12-31,사업보고서,KRW,ifrs-full_DeferredTaxLiabilities,            이연법인세부채,"372,268,000,000",0,"173,662,000,000"
"재무상태표, 은행 - 별도",[000030],우리은행,기타법인,641,은행 및 저축기관,12,2023-12-31,사업보고서,KRW,ifrs-full_DepositsFromCustomers,            예수부채,"338,741,703,000,000","323,378,015,000,000","301,494,891,000,000"
"재무상태표, 은행 - 별도",[000030],우리은행,기타법인,641,은행 및 저축기관,12,2023-12-31,사업보고서,KRW,ifrs-full_DerivativeFinancialLiabilitiesHeldForHedging,            파생상품부채(위험회피목적),"135,263,000,000","193,831,000,000","20,287,000,000"
"재무상태표, 은행 - 별도",[000030],우리은행,기타법인,641,은행 및 저축기관,12,2023-12-31,사업보고서,KRW,ifrs-full_FinancialLiabilitiesAtFairValueThroughProfitOrLoss,            당기손익-공정가치측정금융부채,"6,015,790,000,000","9,002,105,000,000","4,688,894,000,000"
"재무상태표, 은행 - 별도",[000030],우리은행,기타법인,641,은행 및 저축기관,12,2023-12-31,사업보고서,KRW,ifrs-full_Liabilities,            부채총계,"411,591,135,000,000","400,101,660,000,000","373,666,559,000,000"
"재무상태표, 은행 - 별도",[000030],우리은행,기타법인,641,은행 및 저축기관,12,2023-12-31,사업보고서,KRW,ifrs-full_OtherFinancialLiabilities,            기타금융부채,"22,635,153,000,000","19,872,997,000,000","21,893,166,000,000"
"재무상태표, 은행 - 별도",[000030],우리은행,기타법인,641,은행 및 저축기관,12,2023-12-31,사업보고서,KRW,ifrs-full_OtherNonfinancialLiabilities,            기타부채,"227,496,000,000","181,175,000,000","112,235,000,000"
"재무상태표, 은행 - 별도",[000030],우리은행,기타법인,641,은행 및 저축기관,12,2023-12-31,사업보고서,KRW,ifrs-full_Provisions,            충당부채,"705,507,000,000","456,396,000,000","483,691,000,000"
"재무상태표, 은행 - 별도",[006350],전북은행,기타법인,641,은행 및 저축기관,12,2023-12-31,사업보고서,KRW,dart_CashAndDuefromBanks,         현금및예치금,"662,777,000,000","480,239,000,000","1,041,707,000,000"
"재무상태표, 은행 - 별도",[006350],전북은행,기타법인,641,은행 및 저축기관,12,2023-12-31,사업보고서,KRW,dart_LoansAtAmortisedCost,         상각후원가측정대출채권,"17,998,476,000,000","17,925,004,000,000","15,569,094,000,000"
"재무상태표, 은행 - 별도",[006350],전북은행,기타법인,641,은행 및 저축기관,12,2023-12-31,사업보고서,KRW,dart_SecuritiesAtAmortisedCost,         상각후원가측정유가증권,"1,113,937,000,000","1,183,911,000,000","768,357,000,000"
"재무상태표, 은행 - 별도",[006350],전북은행,기타법인,641,은행 및 저축기관,12,2023-12-31,사업보고서,KRW,ifrs-full_Assets,         자산총계,"22,832,976,000,000","21,924,831,000,000","19,575,233,000,000"
"재무상태표, 은행 - 별도",[006350],전북은행,기타법인,641,은행 및 저축기관,12,2023-12-31,사업보고서,KRW,ifrs-full_DeferredTaxAssets,         이연법인세자산,"33,515,000,000","37,188,000,000","30,004,000,000"
"재무상태표, 은행 - 별도",[006350],전북은행,기타법인,641,은행 및 저축기관,12,2023-12-31,사업보고서,KRW,ifrs-full_FinancialAssetsAtFairValueThroughOtherComprehensiveIncome,         기타포괄손익-공정가치측정금융자산,"1,712,888,000,000","1,347,026,000,000","1,513,732,000,000"
"재무상태표, 은행 - 별도",[006350],전북은행,기타법인,641,은행 및 저축기관,12,2023-12-31,사업보고서,KRW,ifrs-full_FinancialAssetsAtFairValueThroughProfitOrLoss,         당기손익-공정가치측정금융자산,"414,952,000,000","81,042,000,000","76,541,000,000"
"재무상태표, 은행 - 별도",[006350],전북은행,기타법인,641,은행 및 저축기관,12,2023-12-31,사업보고서,KRW,ifrs-full_IntangibleAssetsAndGoodwill,         무형자산,"56,543,000,000","41,079,000,000","30,456,000,000"
"재무상태표, 은행 - 별도",[006350],전북은행,기타법인,641,은행 및 저축기관,12,2023-12-31,사업보고서,KRW,ifrs-full_InvestmentProperty,         투자부동산,"14,046,000,000","13,443,000,000","14,049,000,000"
"재무상태표, 은행 - 별도",[006350],전북은행,기타법인,641,은행 및 저축기관,12,2023-12-31,사업보고서,KRW,ifrs-full_InvestmentsInSubsidiariesJointVenturesAndAssociates,"         종속기업, 공동기업과 관계기업에 대한 투자자산","156,610,000,000","127,565,000,000","129,465,000,000"
"재무상태표, 은행 - 별도",[006350],전북은행,기타법인,641,은행 및 저축기관,12,2023-12-31,사업보고서,KRW,ifrs-full_OtherNonfinancialAssets,         기타자산,"347,407,000,000","467,274,000,000","212,853,000,000"
"재무상태표, 은행 - 별도",[006350],전북은행,기타법인,641,은행 및 저축기관,12,2023-12-31,사업보고서,KRW,ifrs-full_PropertyPlantAndEquipment,         유형자산,"284,663,000,000","177,569,000,000","166,861,000,000"
"재무상태표, 은행 - 별도",[006350],전북은행,기타법인,641,은행 및 저축기관,12,2023-12-31,사업보고서,KRW,ifrs-full_RecognisedAssetsDefinedBenefitPlan,         순확정급여자산,"29,364,000,000","35,125,000,000","12,901,000,000"
"재무상태표, 은행 - 별도",[006350],전북은행,기타법인,641,은행 및 저축기관,12,2023-12-31,사업보고서,KRW,ifrs-full_RightofuseAssets,         사용권자산,"7,798,000,000","8,366,000,000","9,213,000,000"
"재무상태표, 은행 - 별도",[006350],전북은행,기타법인,641,은행 및 저축기관,12,2023-12-31,사업보고서,KRW,dart_CapitalSurplus,            자본잉여금,"214,141,000,000","214,141,000,000","214,141,000,000"
"재무상태표, 은행 - 별도",[006350],전북은행,기타법인,641,은행 및 저축기관,12,2023-12-31,사업보고서,KRW,ifrs-full_AccumulatedOtherComprehensiveIncome,            기타포괄손익누계액,"-20,246,000,000","-49,236,000,000","-26,851,000,000"
"재무상태표, 은행 - 별도",[006350],전북은행,기타법인,641,은행 및 저축기관,12,2023-12-31,사업보고서,KRW,ifrs-full_Equity,            자본총계,"1,767,398,000,000","1,625,020,000,000","1,575,334,000,000"
"재무상태표, 은행 - 별도",[006350],전북은행,기타법인,641,은행 및 저축기관,12,2023-12-31,사업보고서,KRW,ifrs-full_IssuedCapital,            자본금,"461,622,000,000","461,622,000,000","461,622,000,000"
"재무상태표, 은행 - 별도",[006350],전북은행,기타법인,641,은행 및 저축기관,12,2023-12-31,사업보고서,KRW,ifrs-full_RetainedEarnings,            이익잉여금,"1,111,881,000,000","998,493,000,000","926,422,000,000"
"재무상태표, 은행 - 별도",[006350],전북은행,기타법인,641,은행 및 저축기관,12,2023-12-31,사업보고서,KRW,dart_AmountRequiredToBeAddedReversedRegulatoryReserveForCreditLoss,               대손준비금 전입(환입) 필요액,"2,414,000,000","3,801,000,000","-7,580,000,000"
"재무상태표, 은행 - 별도",[006350],전북은행,기타법인,641,은행 및 저축기관,12,2023-12-31,사업보고서,KRW,dart_RegulatoryReserveForCreditLoss,               대손준비금 적립액,"96,651,000,000","92,850,000,000","100,430,000,000"
"재무상태표, 은행 - 별도",[006350],전북은행,기타법인,641,은행 및 저축기관,12,2023-12-31,사업보고서,KRW,dart_RegulatoryReserveForCreditLossToBeAddedReversed,               대손준비금 전입(환입) 예정액,"2,414,000,000","3,801,000,000","-7,580,000,000"
"재무상태표, 은행 - 별도",[006350],전북은행,기타법인,641,은행 및 저축기관,12,2023-12-31,사업보고서,KRW,ifrs-full_EquityAndLiabilities,         자본과부채총계,"22,832,976,000,000","21,924,831,000,000","19,575,233,000,000"
"재무상태표, 은행 - 별도",[006350],전북은행,기타법인,641,은행 및 저축기관,12,2023-12-31,사업보고서,KRW,ifrs-full_BondsIssued,            사채,"1,740,000,000,000","1,390,000,000,000","1,150,000,000,000"
"재무상태표, 은행 - 별도",[006350],전북은행,기타법인,641,은행 및 저축기관,12,2023-12-31,사업보고서,KRW,ifrs-full_Borrowings,            차입부채,"562,768,000,000","521,492,000,000","496,651,000,000"
"재무상태표, 은행 - 별도",[006350],전북은행,기타법인,641,은행 및 저축기관,12,2023-12-31,사업보고서,KRW,ifrs-full_CurrentTaxLiabilities,            당기법인세부채,"29,471,000,000","28,610,000,000","34,088,000,000"
"재무상태표, 은행 - 별도",[006350],전북은행,기타법인,641,은행 및 저축기관,12,2023-12-31,사업보고서,KRW,ifrs-full_DepositsFromCustomers,            예수부채,"18,208,354,000,000","17,959,652,000,000","15,912,431,000,000"
"재무상태표, 은행 - 별도",[006350],전북은행,기타법인,641,은행 및 저축기관,12,2023-12-31,사업보고서,KRW,ifrs-full_FinancialLiabilitiesAtFairValueThroughProfitOrLoss,            당기손익-공정가치측정금융부채,"9,045,000,000","3,785,000,000","247,000,000"
"재무상태표, 은행 - 별도",[006350],전북은행,기타법인,641,은행 및 저축기관,12,2023-12-31,사업보고서,KRW,ifrs-full_Liabilities,            부채총계,"21,065,578,000,000","20,299,811,000,000","17,999,899,000,000"
"재무상태표, 은행 - 별도",[006350],전북은행,기타법인,641,은행 및 저축기관,12,2023-12-31,사업보고서,KRW,ifrs-full_OtherNonfinancialLiabilities,            기타부채,"483,365,000,000","383,778,000,000","395,116,000,000"
"재무상태표, 은행 - 별도",[006350],전북은행,기타법인,641,은행 및 저축기관,12,2023-12-31,사업보고서,KRW,ifrs-full_Provisions,            충당부채,"32,575,000,000","12,494,000,000","11,366,000,000"
"재무상태표, 은행 - 별도",[006220],제주은행,유가증권시장상장법인,641,은행 및 저축기관,12,2023-12-31,사업보고서,KRW,dart_CashAndDuefromBanks,         현금및상각후원가측정예치금,"228,390,000,000","227,217,000,000","283,798,000,000"
"재무상태표, 은행 - 별도",[006220],제주은행,유가증권시장상장법인,641,은행 및 저축기관,12,2023-12-31,사업보고서,KRW,dart_LoansAtAmortisedCost,         상각후원가측정대출채권,"5,574,603,000,000","5,670,980,000,000","5,576,849,000,000"
"재무상태표, 은행 - 별도",[006220],제주은행,유가증권시장상장법인,641,은행 및 저축기관,12,2023-12-31,사업보고서,KRW,dart_SecuritiesAtAmortisedCost,         상각후원가측정유가증권,"298,703,000,000","302,110,000,000","184,889,000,000"
"재무상태표, 은행 - 별도",[006220],제주은행,유가증권시장상장법인,641,은행 및 저축기관,12,2023-12-31,사업보고서,KRW,ifrs-full_Assets,         자산총계,"7,153,672,000,000","7,311,029,000,000","6,933,433,000,000"
"재무상태표, 은행 - 별도",[006220],제주은행,유가증권시장상장법인,641,은행 및 저축기관,12,2023-12-31,사업보고서,KRW,ifrs-full_CurrentTaxAssets,         당기법인세자산,"2,297,000,000",0,0
"재무상태표, 은행 - 별도",[006220],제주은행,유가증권시장상장법인,641,은행 및 저축기관,12,2023-12-31,사업보고서,KRW,ifrs-full_DeferredTaxAssets,         이연법인세자산,"5,501,000,000","9,922,000,000","6,402,000,000"
"재무상태표, 은행 - 별도",[006220],제주은행,유가증권시장상장법인,641,은행 및 저축기관,12,2023-12-31,사업보고서,KRW,ifrs-full_FinancialAssetsAtFairValueThroughOtherComprehensiveIncome,         기타포괄손익-공정가치측정금융자산,"841,798,000,000","652,113,000,000","707,912,000,000"
"재무상태표, 은행 - 별도",[006220],제주은행,유가증권시장상장법인,641,은행 및 저축기관,12,2023-12-31,사업보고서,KRW,ifrs-full_FinancialAssetsAtFairValueThroughProfitOrLoss,         당기손익-공정가치측정금융자산,"14,789,000,000","10,059,000,000","4,266,000,000"
"재무상태표, 은행 - 별도",[006220],제주은행,유가증권시장상장법인,641,은행 및 저축기관,12,2023-12-31,사업보고서,KRW,ifrs-full_IntangibleAssetsAndGoodwill,         무형자산,"48,413,000,000","55,901,000,000","68,445,000,000"
"재무상태표, 은행 - 별도",[006220],제주은행,유가증권시장상장법인,641,은행 및 저축기관,12,2023-12-31,사업보고서,KRW,ifrs-full_InvestmentProperty,         투자부동산,"14,387,000,000","16,222,000,000","8,163,000,000"
"재무상태표, 은행 - 별도",[006220],제주은행,유가증권시장상장법인,641,은행 및 저축기관,12,2023-12-31,사업보고서,KRW,ifrs-full_OtherNonfinancialAssets,         기타자산,"81,155,000,000","318,028,000,000","50,093,000,000"
"재무상태표, 은행 - 별도",[006220],제주은행,유가증권시장상장법인,641,은행 및 저축기관,12,2023-12-31,사업보고서,KRW,ifrs-full_PropertyPlantAndEquipment,         유형자산,"41,881,000,000","45,782,000,000","42,616,000,000"
"재무상태표, 은행 - 별도",[006220],제주은행,유가증권시장상장법인,641,은행 및 저축기관,12,2023-12-31,사업보고서,KRW,ifrs-full_RecognisedAssetsDefinedBenefitPlan,         확정급여자산,"1,755,000,000","2,695,000,000",0
"재무상태표, 은행 - 별도",[006220],제주은행,유가증권시장상장법인,641,은행 및 저축기관,12,2023-12-31,사업보고서,KRW,dart_CapitalAdjustments,            자본조정,"416,000,000","255,000,000","395,000,000"
"재무상태표, 은행 - 별도",[006220],제주은행,유가증권시장상장법인,641,은행 및 저축기관,12,2023-12-31,사업보고서,KRW,dart_CapitalSurplus,            자본잉여금,"10,311,000,000","10,311,000,000","10,311,000,000"
"재무상태표, 은행 - 별도",[006220],제주은행,유가증권시장상장법인,641,은행 및 저축기관,12,2023-12-31,사업보고서,KRW,dart_HybridBonds,            신종자본증권,"49,835,000,000","49,835,000,000","49,837,000,000"
"재무상태표, 은행 - 별도",[006220],제주은행,유가증권시장상장법인,641,은행 및 저축기관,12,2023-12-31,사업보고서,KRW,ifrs-full_AccumulatedOtherComprehensiveIncome,            기타포괄손익누계액,"-11,156,000,000","-26,244,000,000","-15,081,000,000"
"재무상태표, 은행 - 별도",[006220],제주은행,유가증권시장상장법인,641,은행 및 저축기관,12,2023-12-31,사업보고서,KRW,ifrs-full_Equity,            자본총계,"535,851,000,000","521,854,000,000","515,945,000,000"
"재무상태표, 은행 - 별도",[006220],제주은행,유가증권시장상장법인,641,은행 및 저축기관,12,2023-12-31,사업보고서,KRW,ifrs-full_IssuedCapital,            자본금,"160,644,000,000","160,644,000,000","160,644,000,000"
"재무상태표, 은행 - 별도",[006220],제주은행,유가증권시장상장법인,641,은행 및 저축기관,12,2023-12-31,사업보고서,KRW,ifrs-full_RetainedEarnings,            이익잉여금,"325,801,000,000","327,053,000,000","309,839,000,000"
"재무상태표, 은행 - 별도",[006220],제주은행,유가증권시장상장법인,641,은행 및 저축기관,12,2023-12-31,사업보고서,KRW,dart_AmountRequiredToBeAddedReversedRegulatoryReserveForCreditLoss,               대손준비금 전입(환입) 필요액,"-8,129,000,000","1,759,000,000","18,423,000,000"
"재무상태표, 은행 - 별도",[006220],제주은행,유가증권시장상장법인,641,은행 및 저축기관,12,2023-12-31,사업보고서,KRW,dart_RegulatoryReserveForCreditLoss,               대손준비금 적립액,"60,796,000,000","59,037,000,000","40,614,000,000"
"재무상태표, 은행 - 별도",[006220],제주은행,유가증권시장상장법인,641,은행 및 저축기관,12,2023-12-31,사업보고서,KRW,dart_RegulatoryReserveForCreditLossToBeAddedReversed,               대손준비금 전입(환입) 예정액,"-8,129,000,000","1,759,000,000","18,423,000,000"
"재무상태표, 은행 - 별도",[006220],제주은행,유가증권시장상장법인,641,은행 및 저축기관,12,2023-12-31,사업보고서,KRW,ifrs-full_EquityAndLiabilities,         자본과부채총계,"7,153,672,000,000","7,311,029,000,000","6,933,433,000,000"
"재무상태표, 은행 - 별도",[006220],제주은행,유가증권시장상장법인,641,은행 및 저축기관,12,2023-12-31,사업보고서,KRW,ifrs-full_BondsIssued,            사채,"249,905,000,000","249,807,000,000","269,705,000,000"
"재무상태표, 은행 - 별도",[006220],제주은행,유가증권시장상장법인,641,은행 및 저축기관,12,2023-12-31,사업보고서,KRW,ifrs-full_Borrowings,            차입부채,"173,437,000,000","215,331,000,000","232,810,000,000"
"재무상태표, 은행 - 별도",[006220],제주은행,유가증권시장상장법인,641,은행 및 저축기관,12,2023-12-31,사업보고서,KRW,ifrs-full_CurrentTaxLiabilities,            당기법인세부채,0,"1,520,000,000","3,255,000,000"
"재무상태표, 은행 - 별도",[006220],제주은행,유가증권시장상장법인,641,은행 및 저축기관,12,2023-12-31,사업보고서,KRW,ifrs-full_DepositsFromCustomers,            예수부채,"5,949,776,000,000","6,144,377,000,000","5,720,346,000,000"
"재무상태표, 은행 - 별도",[006220],제주은행,유가증권시장상장법인,641,은행 및 저축기관,12,2023-12-31,사업보고서,KRW,ifrs-full_Liabilities,            부채총계,"6,617,821,000,000","6,789,175,000,000","6,417,488,000,000"
"재무상태표, 은행 - 별도",[006220],제주은행,유가증권시장상장법인,641,은행 및 저축기관,12,2023-12-31,사업보고서,KRW,ifrs-full_OtherNonfinancialLiabilities,            기타부채,"238,740,000,000","174,886,000,000","186,201,000,000"
"재무상태표, 은행 - 별도",[006220],제주은행,유가증권시장상장법인,641,은행 및 저축기관,12,2023-12-31,사업보고서,KRW,ifrs-full_Provisions,            충당부채,"5,963,000,000","3,254,000,000","2,877,000,000"
"재무상태표, 은행 - 별도",[006220],제주은행,유가증권시장상장법인,641,은행 및 저축기관,12,2023-12-31,사업보고서,KRW,ifrs-full_RecognisedLiabilitiesDefinedBenefitPlan,            확정급여부채,0,0,"2,294,000,000"
"재무상태표, 은행 - 별도",[323410],카카오뱅크,유가증권시장상장법인,641,은행 및 저축기관,12,2023-12-31,사업보고서,KRW,dart_CashAndDuefromBanks,         현금및예치금,"2,733,244,000,000","1,381,539,000,000","1,219,158,000,000"
"재무상태표, 은행 - 별도",[323410],카카오뱅크,유가증권시장상장법인,641,은행 및 저축기관,12,2023-12-31,사업보고서,KRW,dart_LoansAtAmortisedCost,         대출채권,"38,649,038,000,000","28,053,416,000,000","26,362,098,000,000"
"재무상태표, 은행 - 별도",[323410],카카오뱅크,유가증권시장상장법인,641,은행 및 저축기관,12,2023-12-31,사업보고서,KRW,entity01133217_FinancialInvestmentsOfAssetsAbstract,         투자금융자산,"9,174,317,000,000","7,686,904,000,000","6,139,020,000,000"
"재무상태표, 은행 - 별도",[323410],카카오뱅크,유가증권시장상장법인,641,은행 및 저축기관,12,2023-12-31,사업보고서,KRW,ifrs-full_Assets,         자산총계,"54,488,157,000,000","39,516,079,000,000","36,040,068,000,000"
"재무상태표, 은행 - 별도",[323410],카카오뱅크,유가증권시장상장법인,641,은행 및 저축기관,12,2023-12-31,사업보고서,KRW,ifrs-full_DeferredTaxAssets,         이연법인세자산,0,"16,734,000,000","20,467,000,000"
"재무상태표, 은행 - 별도",[323410],카카오뱅크,유가증권시장상장법인,641,은행 및 저축기관,12,2023-12-31,사업보고서,KRW,ifrs-full_FinancialAssetsAtFairValueThroughProfitOrLoss,         당기손익-공정가치측정금융자산,"2,554,933,000,000","1,324,398,000,000","1,501,913,000,000"
"재무상태표, 은행 - 별도",[323410],카카오뱅크,유가증권시장상장법인,641,은행 및 저축기관,12,2023-12-31,사업보고서,KRW,ifrs-full_IntangibleAssetsAndGoodwill,         무형자산,"34,207,000,000","28,194,000,000","33,460,000,000"
"재무상태표, 은행 - 별도",[323410],카카오뱅크,유가증권시장상장법인,641,은행 및 저축기관,12,2023-12-31,사업보고서,KRW,ifrs-full_InvestmentsInSubsidiariesJointVenturesAndAssociates,         관계기업등에대한투자자산,"101,419,000,000","6,451,000,000",0
"재무상태표, 은행 - 별도",[323410],카카오뱅크,유가증권시장상장법인,641,은행 및 저축기관,12,2023-12-31,사업보고서,KRW,ifrs-full_OtherFinancialAssets,         기타자산,"1,045,988,000,000","832,040,000,000","689,589,000,000"
"재무상태표, 은행 - 별도",[323410],카카오뱅크,유가증권시장상장법인,641,은행 및 저축기관,12,2023-12-31,사업보고서,KRW,ifrs-full_PropertyPlantAndEquipment,         유형자산,"180,806,000,000","172,900,000,000","70,229,000,000"
"재무상태표, 은행 - 별도",[323410],카카오뱅크,유가증권시장상장법인,641,은행 및 저축기관,12,2023-12-31,사업보고서,KRW,ifrs-full_RecognisedAssetsDefinedBenefitPlan,         순확정급여자산,"14,205,000,000","13,503,000,000","4,134,000,000"
"재무상태표, 은행 - 별도",[323410],카카오뱅크,유가증권시장상장법인,641,은행 및 저축기관,12,2023-12-31,사업보고서,KRW,dart_CapitalAdjustments,            자본조정,"939,000,000","-6,680,000,000","26,784,000,000"
"재무상태표, 은행 - 별도",[323410],카카오뱅크,유가증권시장상장법인,641,은행 및 저축기관,12,2023-12-31,사업보고서,KRW,dart_CapitalSurplus,            자본잉여금,"2,987,543,000,000","2,986,761,000,000","2,956,238,000,000"
"재무상태표, 은행 - 별도",[323410],카카오뱅크,유가증권시장상장법인,641,은행 및 저축기관,12,2023-12-31,사업보고서,KRW,ifrs-full_AccumulatedOtherComprehensiveIncome,            기타포괄손익누계액,"-9,738,000,000","-102,016,000,000","-27,749,000,000"
"재무상태표, 은행 - 별도",[323410],카카오뱅크,유가증권시장상장법인,641,은행 및 저축기관,12,2023-12-31,사업보고서,KRW,ifrs-full_Equity,            자본총계,"6,117,694,000,000","5,715,110,000,000","5,521,370,000,000"
"재무상태표, 은행 - 별도",[323410],카카오뱅크,유가증권시장상장법인,641,은행 및 저축기관,12,2023-12-31,사업보고서,KRW,ifrs-full_IssuedCapital,            자본금,"2,384,361,000,000","2,383,653,000,000","2,375,796,000,000"
"재무상태표, 은행 - 별도",[323410],카카오뱅크,유가증권시장상장법인,641,은행 및 저축기관,12,2023-12-31,사업보고서,KRW,ifrs-full_RetainedEarnings,            이익잉여금,"754,589,000,000","453,392,000,000","190,301,000,000"
"재무상태표, 은행 - 별도",[323410],카카오뱅크,유가증권시장상장법인,641,은행 및 저축기관,12,2023-12-31,사업보고서,KRW,dart_AmountRequiredToBeAddedReversedRegulatoryReserveForCreditLoss,               대손준비금 전입(환입) 필요액,"-30,377,000,000","61,372,000,000","-15,122,000,000"
"재무상태표, 은행 - 별도",[323410],카카오뱅크,유가증권시장상장법인,641,은행 및 저축기관,12,2023-12-31,사업보고서,KRW,dart_RegulatoryReserveForCreditLoss,               대손준비금 적립액,"-132,182,000,000","-190,301,000,000",0
"재무상태표, 은행 - 별도",[323410],카카오뱅크,유가증권시장상장법인,641,은행 및 저축기관,12,2023-12-31,사업보고서,KRW,dart_RegulatoryReserveForCreditLossToBeAddedReversed,               대손준비금 전입(환입) 예정액,"-30,377,000,000","58,119,000,000","-190,301,000,000"
"재무상태표, 은행 - 별도",[323410],카카오뱅크,유가증권시장상장법인,641,은행 및 저축기관,12,2023-12-31,사업보고서,KRW,dart_UnreservedAmountRegulatoryReserveForCreditLoss,               대손준비금 미적립액,0,"-3,253,000,000","-178,432,000,000"
"재무상태표, 은행 - 별도",[323410],카카오뱅크,유가증권시장상장법인,641,은행 및 저축기관,12,2023-12-31,사업보고서,KRW,ifrs-full_EquityAndLiabilities,         자본과부채총계,"54,488,157,000,000","39,516,079,000,000","36,040,068,000,000"
"재무상태표, 은행 - 별도",[323410],카카오뱅크,유가증권시장상장법인,641,은행 및 저축기관,12,2023-12-31,사업보고서,KRW,ifrs-full_CurrentTaxLiabilities,            당기법인세부채,"50,243,000,000","36,975,000,000","14,076,000,000"
"재무상태표, 은행 - 별도",[323410],카카오뱅크,유가증권시장상장법인,641,은행 및 저축기관,12,2023-12-31,사업보고서,KRW,ifrs-full_DeferredTaxLiabilities,            이연법인세부채,"29,365,000,000",0,0
"재무상태표, 은행 - 별도",[323410],카카오뱅크,유가증권시장상장법인,641,은행 및 저축기관,12,2023-12-31,사업보고서,KRW,ifrs-full_DepositsFromCustomers,            예수부채,"47,142,842,000,000","33,055,804,000,000","30,026,133,000,000"
"재무상태표, 은행 - 별도",[323410],카카오뱅크,유가증권시장상장법인,641,은행 및 저축기관,12,2023-12-31,사업보고서,KRW,ifrs-full_Liabilities,            부채총계,"48,370,463,000,000","33,800,969,000,000","30,518,698,000,000"
"재무상태표, 은행 - 별도",[323410],카카오뱅크,유가증권시장상장법인,641,은행 및 저축기관,12,2023-12-31,사업보고서,KRW,ifrs-full_OtherFinancialLiabilities,            기타부채,"1,091,894,000,000","672,572,000,000","452,479,000,000"
"재무상태표, 은행 - 별도",[323410],카카오뱅크,유가증권시장상장법인,641,은행 및 저축기관,12,2023-12-31,사업보고서,KRW,ifrs-full_Provisions,            충당부채,"56,119,000,000","35,618,000,000","26,010,000,000"
"재무상태표, 은행 - 별도",[null],케이뱅크,기타법인,641,은행 및 저축기관,12,2023-12-31,사업보고서,KRW,dart_LoansAtAmortisedCost,         상각후원가측정대출채권,"16,426,577,000,000","11,564,717,000,000","8,841,531,000,000"
"재무상태표, 은행 - 별도",[null],케이뱅크,기타법인,641,은행 및 저축기관,12,2023-12-31,사업보고서,KRW,dart_SecuritiesAtAmortisedCost,         상각후원가측정유가증권,"1,321,011,000,000","1,227,389,000,000",0
"재무상태표, 은행 - 별도",[null],케이뱅크,기타법인,641,은행 및 저축기관,12,2023-12-31,사업보고서,KRW,ifrs-full_Assets,         자산총계,"21,421,777,000,000","16,631,346,000,000","13,333,556,000,000"
"재무상태표, 은행 - 별도",[null],케이뱅크,기타법인,641,은행 및 저축기관,12,2023-12-31,사업보고서,KRW,ifrs-full_CashAndCashEquivalents,         현금및현금성자산,"708,016,000,000","436,860,000,000","529,185,000,000"
"재무상태표, 은행 - 별도",[null],케이뱅크,기타법인,641,은행 및 저축기관,12,2023-12-31,사업보고서,KRW,ifrs-full_CurrentTaxAssets,         당기법인세자산,"12,938,000,000","1,340,000,000","3,090,000,000"
"재무상태표, 은행 - 별도",[null],케이뱅크,기타법인,641,은행 및 저축기관,12,2023-12-31,사업보고서,KRW,ifrs-full_FinancialAssetsAtFairValueThroughOtherComprehensiveIncome,         기타포괄손익-공정가치측정금융자산,"2,043,947,000,000","2,885,322,000,000","3,713,637,000,000"
"재무상태표, 은행 - 별도",[null],케이뱅크,기타법인,641,은행 및 저축기관,12,2023-12-31,사업보고서,KRW,ifrs-full_FinancialAssetsAtFairValueThroughProfitOrLoss,         당기손익-공정가치측정금융자산,"405,146,000,000","201,365,000,000",0
"재무상태표, 은행 - 별도",[null],케이뱅크,기타법인,641,은행 및 저축기관,12,2023-12-31,사업보고서,KRW,ifrs-full_IntangibleAssetsAndGoodwill,         무형자산,"31,366,000,000","27,236,000,000","27,917,000,000"
"재무상태표, 은행 - 별도",[null],케이뱅크,기타법인,641,은행 및 저축기관,12,2023-12-31,사업보고서,KRW,ifrs-full_OtherFinancialAssets,         기타금융자산,"430,242,000,000","248,070,000,000","181,596,000,000"
"재무상태표, 은행 - 별도",[null],케이뱅크,기타법인,641,은행 및 저축기관,12,2023-12-31,사업보고서,KRW,ifrs-full_OtherNonfinancialAssets,         기타자산,"988,000,000","24,000,000","12,000,000"
"재무상태표, 은행 - 별도",[null],케이뱅크,기타법인,641,은행 및 저축기관,12,2023-12-31,사업보고서,KRW,ifrs-full_PropertyPlantAndEquipment,         유형자산,"40,151,000,000","37,160,000,000","36,312,000,000"
"재무상태표, 은행 - 별도",[null],케이뱅크,기타법인,641,은행 및 저축기관,12,2023-12-31,사업보고서,KRW,ifrs-full_RecognisedAssetsDefinedBenefitPlan,         확정급여자산,"1,395,000,000","1,863,000,000","276,000,000"
"재무상태표, 은행 - 별도",[null],케이뱅크,기타법인,641,은행 및 저축기관,12,2023-12-31,사업보고서,KRW,dart_CapitalAdjustments,            자본조정,"1,794,000,000","1,881,000,000","690,000,000"
"재무상태표, 은행 - 별도",[null],케이뱅크,기타법인,641,은행 및 저축기관,12,2023-12-31,사업보고서,KRW,dart_CapitalSurplus,            자본잉여금,0,"263,763,000,000","263,763,000,000"
"재무상태표, 은행 - 별도",[null],케이뱅크,기타법인,641,은행 및 저축기관,12,2023-12-31,사업보고서,KRW,ifrs-full_AccumulatedOtherComprehensiveIncome,            기타포괄손익누계액,"1,342,000,000","-54,886,000,000","-29,998,000,000"
"재무상태표, 은행 - 별도",[null],케이뱅크,기타법인,641,은행 및 저축기관,12,2023-12-31,사업보고서,KRW,ifrs-full_Equity,            자본총계,"1,866,881,000,000","1,797,928,000,000","1,738,056,000,000"
"재무상태표, 은행 - 별도",[null],케이뱅크,기타법인,641,은행 및 저축기관,12,2023-12-31,사업보고서,KRW,ifrs-full_IssuedCapital,            자본금,"1,878,476,000,000","1,878,476,000,000","1,878,476,000,000"
"재무상태표, 은행 - 별도",[null],케이뱅크,기타법인,641,은행 및 저축기관,12,2023-12-31,사업보고서,KRW,ifrs-full_RetainedEarnings,            결손금,"-14,731,000,000","-291,306,000,000","-374,875,000,000"
"재무상태표, 은행 - 별도",[null],케이뱅크,기타법인,641,은행 및 저축기관,12,2023-12-31,사업보고서,KRW,dart_AmountRequiredToBeAddedReversedRegulatoryReserveForCreditLoss,               대손준비금 환입(전입) 필요액,"21,766,000,000","-1,622,000,000","-19,563,000,000"
"재무상태표, 은행 - 별도",[null],케이뱅크,기타법인,641,은행 및 저축기관,12,2023-12-31,사업보고서,KRW,dart_UnreservedAmountRegulatoryReserveForCreditLoss,               대손준비금 미적립액,"-42,175,000,000","-40,553,000,000","-20,990,000,000"
"재무상태표, 은행 - 별도",[null],케이뱅크,기타법인,641,은행 및 저축기관,12,2023-12-31,사업보고서,KRW,ifrs-full_EquityAndLiabilities,         자본과부채총계,"21,421,777,000,000","16,631,346,000,000","13,333,556,000,000"
"재무상태표, 은행 - 별도",[null],케이뱅크,기타법인,641,은행 및 저축기관,12,2023-12-31,사업보고서,KRW,ifrs-full_DepositsFromCustomers,            예수부채,"19,067,637,000,000","14,605,401,000,000","11,317,494,000,000"
"재무상태표, 은행 - 별도",[null],케이뱅크,기타법인,641,은행 및 저축기관,12,2023-12-31,사업보고서,KRW,ifrs-full_Liabilities,            부채총계,"19,554,896,000,000","14,833,418,000,000","11,595,500,000,000"
"재무상태표, 은행 - 별도",[null],케이뱅크,기타법인,641,은행 및 저축기관,12,2023-12-31,사업보고서,KRW,ifrs-full_OtherFinancialLiabilities,            기타금융부채,"470,913,000,000","222,993,000,000","272,586,000,000"
"재무상태표, 은행 - 별도",[null],케이뱅크,기타법인,641,은행 및 저축기관,12,2023-12-31,사업보고서,KRW,ifrs-full_OtherNonfinancialLiabilities,            기타부채,"2,560,000,000","2,808,000,000","3,103,000,000"
"재무상태표, 은행 - 별도",[null],케이뱅크,기타법인,641,은행 및 저축기관,12,2023-12-31,사업보고서,KRW,ifrs-full_Provisions,            충당부채,"13,786,000,000","2,216,000,000","2,317,000,000"
"재무상태표, 은행 - 별도",[004940],하나은행,기타법인,641,은행 및 저축기관,12,2023-12-31,사업보고서,KRW,ifrs-full_DeferredTaxLiabilities,            이연법인세부채,"25,140,000,000",,
"재무상태표, 은행 - 별도",[004940],하나은행,기타법인,641,은행 및 저축기관,12,2023-12-31,사업보고서,KRW,ifrs-full_RecognisedAssetsDefinedBenefitPlan,         순확정급여자산,,"77,160,000,000",
"재무상태표, 은행 - 별도",[004940],하나은행,기타법인,641,은행 및 저축기관,12,2023-12-31,사업보고서,KRW,dart_AssetsMerchantBankingAccount,         종합금융계정자산,"4,637,824,000,000","4,631,361,000,000","4,741,939,000,000"
"재무상태표, 은행 - 별도",[004940],하나은행,기타법인,641,은행 및 저축기관,12,2023-12-31,사업보고서,KRW,dart_CashAndDuefromBanks,         현금및예치금,"28,913,457,000,000","38,804,626,000,000","25,988,066,000,000"
"재무상태표, 은행 - 별도",[004940],하나은행,기타법인,641,은행 및 저축기관,12,2023-12-31,사업보고서,KRW,dart_LoansAtAmortisedCost,         대출채권,"331,908,481,000,000","316,172,428,000,000","295,680,706,000,000"
"재무상태표, 은행 - 별도",[004940],하나은행,기타법인,641,은행 및 저축기관,12,2023-12-31,사업보고서,KRW,dart_SecuritiesAtAmortisedCost,         상각후원가측정유가증권,"35,805,684,000,000","37,125,595,000,000","21,918,811,000,000"
"재무상태표, 은행 - 별도",[004940],하나은행,기타법인,641,은행 및 저축기관,12,2023-12-31,사업보고서,KRW,ifrs-full_Assets,         자산총계,"478,511,518,000,000","466,138,190,000,000","411,861,627,000,000"
"재무상태표, 은행 - 별도",[004940],하나은행,기타법인,641,은행 및 저축기관,12,2023-12-31,사업보고서,KRW,ifrs-full_CurrentTaxAssets,         당기법인세자산,"26,881,000,000","18,392,000,000","13,205,000,000"
"재무상태표, 은행 - 별도",[004940],하나은행,기타법인,641,은행 및 저축기관,12,2023-12-31,사업보고서,KRW,ifrs-full_DeferredTaxAssets,         이연법인세자산,"5,759,000,000","411,153,000,000","147,453,000,000"
"재무상태표, 은행 - 별도",[004940],하나은행,기타법인,641,은행 및 저축기관,12,2023-12-31,사업보고서,KRW,ifrs-full_DerivativeFinancialAssetsHeldForHedging,         헤지목적파생상품자산,"1,723,000,000","8,062,000,000","68,670,000,000"
"재무상태표, 은행 - 별도",[004940],하나은행,기타법인,641,은행 및 저축기관,12,2023-12-31,사업보고서,KRW,ifrs-full_FinancialAssetsAtFairValueThroughOtherComprehensiveIncome,         기타포괄손익-공정가치측정금융자산,"34,408,793,000,000","30,411,283,000,000","32,597,314,000,000"
"재무상태표, 은행 - 별도",[004940],하나은행,기타법인,641,은행 및 저축기관,12,2023-12-31,사업보고서,KRW,ifrs-full_FinancialAssetsAtFairValueThroughProfitOrLoss,         당기손익-공정가치측정금융자산,"16,574,088,000,000","17,505,800,000,000","9,894,229,000,000"
"재무상태표, 은행 - 별도",[004940],하나은행,기타법인,641,은행 및 저축기관,12,2023-12-31,사업보고서,KRW,ifrs-full_IntangibleAssetsAndGoodwill,         무형자산,"381,523,000,000","343,198,000,000","316,174,000,000"
"재무상태표, 은행 - 별도",[004940],하나은행,기타법인,641,은행 및 저축기관,12,2023-12-31,사업보고서,KRW,ifrs-full_InvestmentProperty,         투자부동산,"675,523,000,000","664,942,000,000","790,689,000,000"
"재무상태표, 은행 - 별도",[004940],하나은행,기타법인,641,은행 및 저축기관,12,2023-12-31,사업보고서,KRW,ifrs-full_InvestmentsInSubsidiariesJointVenturesAndAssociates,         관계기업및공동기업투자주식,"4,574,442,000,000","4,402,714,000,000","4,170,968,000,000"
"재무상태표, 은행 - 별도",[004940],하나은행,기타법인,641,은행 및 저축기관,12,2023-12-31,사업보고서,KRW,ifrs-full_OtherFinancialAssets,         기타자산,"18,317,618,000,000","13,270,482,000,000","13,650,986,000,000"
"재무상태표, 은행 - 별도",[004940],하나은행,기타법인,641,은행 및 저축기관,12,2023-12-31,사업보고서,KRW,ifrs-full_PropertyPlantAndEquipment,         유형자산,"2,279,722,000,000","2,290,994,000,000","1,882,417,000,000"
"재무상태표, 은행 - 별도",[004940],하나은행,기타법인,641,은행 및 저축기관,12,2023-12-31,사업보고서,KRW,dart_CapitalAdjustments,            연결자본조정,"-6,364,000,000","-6,143,000,000","-6,143,000,000"
"재무상태표, 은행 - 별도",[004940],하나은행,기타법인,641,은행 및 저축기관,12,2023-12-31,사업보고서,KRW,dart_CapitalSurplus,            자본잉여금,"6,149,764,000,000","6,149,764,000,000","9,649,764,000,000"
"재무상태표, 은행 - 별도",[004940],하나은행,기타법인,641,은행 및 저축기관,12,2023-12-31,사업보고서,KRW,dart_HybridBonds,            신종자본증권,"353,738,000,000","533,475,000,000","533,475,000,000"
"재무상태표, 은행 - 별도",[004940],하나은행,기타법인,641,은행 및 저축기관,12,2023-12-31,사업보고서,KRW,ifrs-full_Equity,            자본총계,"30,417,894,000,000","28,542,699,000,000","27,451,298,000,000"
"재무상태표, 은행 - 별도",[004940],하나은행,기타법인,641,은행 및 저축기관,12,2023-12-31,사업보고서,KRW,ifrs-full_IssuedCapital,            자본금,"5,359,578,000,000","5,359,578,000,000","5,359,578,000,000"
"재무상태표, 은행 - 별도",[004940],하나은행,기타법인,641,은행 및 저축기관,12,2023-12-31,사업보고서,KRW,ifrs-full_OtherReserves,            연결기타포괄손익누계액,"-1,110,100,000,000","-1,535,906,000,000","-898,185,000,000"
"재무상태표, 은행 - 별도",[004940],하나은행,기타법인,641,은행 및 저축기관,12,2023-12-31,사업보고서,KRW,ifrs-full_RetainedEarnings,            연결이익잉여금,"19,671,278,000,000","18,041,931,000,000","12,812,809,000,000"
"재무상태표, 은행 - 별도",[004940],하나은행,기타법인,641,은행 및 저축기관,12,2023-12-31,사업보고서,KRW,dart_AmountRequiredToBeAddedReversedRegulatoryReserveForCreditLoss,               대손준비금 전입(환입) 필요액,"-100,528,000,000","-23,905,000,000","310,478,000,000"
"재무상태표, 은행 - 별도",[004940],하나은행,기타법인,641,은행 및 저축기관,12,2023-12-31,사업보고서,KRW,dart_RegulatoryReserveForCreditLoss,               대손준비금 적립액,"2,593,244,000,000","2,617,149,000,000","2,306,671,000,000"
"재무상태표, 은행 - 별도",[004940],하나은행,기타법인,641,은행 및 저축기관,12,2023-12-31,사업보고서,KRW,dart_RegulatoryReserveForCreditLossToBeAddedReversed,               대손준비금 전입(환입) 예정액,"-100,528,000,000","-23,905,000,000","310,478,000,000"
"재무상태표, 은행 - 별도",[004940],하나은행,기타법인,641,은행 및 저축기관,12,2023-12-31,사업보고서,KRW,ifrs-full_EquityAndLiabilities,         부채및자본총계,"478,511,518,000,000","466,138,190,000,000","411,861,627,000,000"
"재무상태표, 은행 - 별도",[004940],하나은행,기타법인,641,은행 및 저축기관,12,2023-12-31,사업보고서,KRW,dart_LiabilitiesMerchantBankingAccount,            종합금융계정부채,"4,154,697,000,000","3,667,273,000,000","2,908,280,000,000"
"재무상태표, 은행 - 별도",[004940],하나은행,기타법인,641,은행 및 저축기관,12,2023-12-31,사업보고서,KRW,ifrs-full_BondsIssued,            사채,"26,542,179,000,000","26,204,538,000,000","27,640,779,000,000"
"재무상태표, 은행 - 별도",[004940],하나은행,기타법인,641,은행 및 저축기관,12,2023-12-31,사업보고서,KRW,ifrs-full_Borrowings,            차입부채,"19,283,969,000,000","20,790,247,000,000","15,572,372,000,000"
"재무상태표, 은행 - 별도",[004940],하나은행,기타법인,641,은행 및 저축기관,12,2023-12-31,사업보고서,KRW,ifrs-full_CurrentTaxLiabilities,            당기법인세부채,"139,043,000,000","688,782,000,000","561,419,000,000"
"재무상태표, 은행 - 별도",[004940],하나은행,기타법인,641,은행 및 저축기관,12,2023-12-31,사업보고서,KRW,ifrs-full_DepositsFromCustomers,            예수부채,"354,692,439,000,000","344,070,498,000,000","306,614,203,000,000"
"재무상태표, 은행 - 별도",[004940],하나은행,기타법인,641,은행 및 저축기관,12,2023-12-31,사업보고서,KRW,ifrs-full_DerivativeFinancialLiabilitiesHeldForHedging,            헤지목적파생상품부채,"390,979,000,000","516,418,000,000","111,192,000,000"
"재무상태표, 은행 - 별도",[004940],하나은행,기타법인,641,은행 및 저축기관,12,2023-12-31,사업보고서,KRW,ifrs-full_FinancialLiabilitiesAtFairValueThroughProfitOrLoss,            당기손익-공정가치측정금융부채,"6,728,644,000,000","11,250,215,000,000","4,198,125,000,000"
"재무상태표, 은행 - 별도",[004940],하나은행,기타법인,641,은행 및 저축기관,12,2023-12-31,사업보고서,KRW,ifrs-full_Liabilities,            부채총계,"448,093,624,000,000","437,595,491,000,000","384,410,329,000,000"
"재무상태표, 은행 - 별도",[004940],하나은행,기타법인,641,은행 및 저축기관,12,2023-12-31,사업보고서,KRW,ifrs-full_OtherFinancialLiabilities,            기타부채,"35,211,353,000,000","29,843,876,000,000","26,132,271,000,000"
"재무상태표, 은행 - 별도",[004940],하나은행,기타법인,641,은행 및 저축기관,12,2023-12-31,사업보고서,KRW,ifrs-full_Provisions,            충당부채,"761,281,000,000","563,644,000,000","502,191,000,000"
"재무상태표, 은행 - 별도",[004940],하나은행,기타법인,641,은행 및 저축기관,12,2023-12-31,사업보고서,KRW,ifrs-full_RecognisedLiabilitiesDefinedBenefitPlan,            순확정급여부채,"163,900,000,000",,"169,497,000,000"
"재무상태표, 은행 - 별도",[000110],한국스탠다드차타드은행,기타법인,641,은행 및 저축기관,12,2023-12-31,사업보고서,KRW,dart_CashAndDuefromBanks,         현금및예치금,"4,856,950,000,000","7,744,671,000,000","4,682,910,000,000"
"재무상태표, 은행 - 별도",[000110],한국스탠다드차타드은행,기타법인,641,은행 및 저축기관,12,2023-12-31,사업보고서,KRW,ifrs-full_Assets,         자산총계,"85,820,476,000,000","98,588,416,000,000","86,885,215,000,000"
"재무상태표, 은행 - 별도",[000110],한국스탠다드차타드은행,기타법인,641,은행 및 저축기관,12,2023-12-31,사업보고서,KRW,ifrs-full_CurrentTaxAssets,         당기법인세자산,0,0,"43,152,000,000"
"재무상태표, 은행 - 별도",[000110],한국스탠다드차타드은행,기타법인,641,은행 및 저축기관,12,2023-12-31,사업보고서,KRW,ifrs-full_DeferredTaxAssets,         이연법인세자산,"58,165,000,000","22,176,000,000","68,714,000,000"
"재무상태표, 은행 - 별도",[000110],한국스탠다드차타드은행,기타법인,641,은행 및 저축기관,12,2023-12-31,사업보고서,KRW,ifrs-full_FinancialAssetsAtAmortisedCost,         상각후원가측정금융자산,"54,326,358,000,000","68,094,440,000,000","59,618,005,000,000"
"재무상태표, 은행 - 별도",[000110],한국스탠다드차타드은행,기타법인,641,은행 및 저축기관,12,2023-12-31,사업보고서,KRW,ifrs-full_FinancialAssetsAtFairValueThroughOtherComprehensiveIncome,         기타포괄손익-공정가치측정금융자산,"6,892,633,000,000","5,352,560,000,000","9,803,881,000,000"
"재무상태표, 은행 - 별도",[000110],한국스탠다드차타드은행,기타법인,641,은행 및 저축기관,12,2023-12-31,사업보고서,KRW,ifrs-full_FinancialAssetsAtFairValueThroughProfitOrLoss,         당기손익-공정가치측정금융자산,"11,385,455,000,000","15,588,508,000,000","6,481,132,000,000"
"재무상태표, 은행 - 별도",[000110],한국스탠다드차타드은행,기타법인,641,은행 및 저축기관,12,2023-12-31,사업보고서,KRW,ifrs-full_FinancialAssetsAtFairValueThroughProfitOrLossDesignatedAsUponInitialRecognition,         당기손익-공정가치측정지정금융자산,"100,717,000,000","96,095,000,000","191,088,000,000"
"재무상태표, 은행 - 별도",[000110],한국스탠다드차타드은행,기타법인,641,은행 및 저축기관,12,2023-12-31,사업보고서,KRW,ifrs-full_IntangibleAssetsAndGoodwill,         무형자산,"74,959,000,000","78,364,000,000","78,914,000,000"
"재무상태표, 은행 - 별도",[000110],한국스탠다드차타드은행,기타법인,641,은행 및 저축기관,12,2023-12-31,사업보고서,KRW,ifrs-full_InvestmentProperty,         투자부동산,"228,324,000,000","233,439,000,000","280,192,000,000"
"재무상태표, 은행 - 별도",[000110],한국스탠다드차타드은행,기타법인,641,은행 및 저축기관,12,2023-12-31,사업보고서,KRW,ifrs-full_InvestmentsInSubsidiariesJointVenturesAndAssociates,         종속기업에 대한 투자주식,"293,032,000,000","293,032,000,000","293,032,000,000"
"재무상태표, 은행 - 별도",[000110],한국스탠다드차타드은행,기타법인,641,은행 및 저축기관,12,2023-12-31,사업보고서,KRW,ifrs-full_NoncurrentAssetsOrDisposalGroupsClassifiedAsHeldForSale,         매각예정비유동자산,"5,973,000,000","9,884,000,000",0
"재무상태표, 은행 - 별도",[000110],한국스탠다드차타드은행,기타법인,641,은행 및 저축기관,12,2023-12-31,사업보고서,KRW,ifrs-full_OtherFinancialAssets,         기타금융자산,"7,090,874,000,000","542,628,000,000","4,839,160,000,000"
"재무상태표, 은행 - 별도",[000110],한국스탠다드차타드은행,기타법인,641,은행 및 저축기관,12,2023-12-31,사업보고서,KRW,ifrs-full_OtherNonfinancialAssets,         기타자산,"44,155,000,000","66,256,000,000","43,793,000,000"
"재무상태표, 은행 - 별도",[000110],한국스탠다드차타드은행,기타법인,641,은행 및 저축기관,12,2023-12-31,사업보고서,KRW,ifrs-full_PropertyPlantAndEquipment,         유형자산,"462,881,000,000","466,363,000,000","461,242,000,000"
"재무상태표, 은행 - 별도",[000110],한국스탠다드차타드은행,기타법인,641,은행 및 저축기관,12,2023-12-31,사업보고서,KRW,dart_CapitalAdjustments,            자본조정,"-5,180,000,000","-5,180,000,000","-5,180,000,000"
"재무상태표, 은행 - 별도",[000110],한국스탠다드차타드은행,기타법인,641,은행 및 저축기관,12,2023-12-31,사업보고서,KRW,dart_CapitalSurplus,            자본잉여금,"672,074,000,000","669,840,000,000","688,078,000,000"
"재무상태표, 은행 - 별도",[000110],한국스탠다드차타드은행,기타법인,641,은행 및 저축기관,12,2023-12-31,사업보고서,KRW,dart_HybridBonds,            신종자본증권,"299,969,000,000","299,969,000,000","299,969,000,000"
"재무상태표, 은행 - 별도",[000110],한국스탠다드차타드은행,기타법인,641,은행 및 저축기관,12,2023-12-31,사업보고서,KRW,ifrs-full_AccumulatedOtherComprehensiveIncome,            기타포괄손익누계액,"-16,355,000,000","-45,923,000,000","-46,018,000,000"
"재무상태표, 은행 - 별도",[000110],한국스탠다드차타드은행,기타법인,641,은행 및 저축기관,12,2023-12-31,사업보고서,KRW,ifrs-full_Equity,            자본총계,"5,295,732,000,000","5,300,985,000,000","4,940,115,000,000"
"재무상태표, 은행 - 별도",[000110],한국스탠다드차타드은행,기타법인,641,은행 및 저축기관,12,2023-12-31,사업보고서,KRW,ifrs-full_IssuedCapital,            자본금,"1,313,043,000,000","1,313,043,000,000","1,313,043,000,000"
"재무상태표, 은행 - 별도",[000110],한국스탠다드차타드은행,기타법인,641,은행 및 저축기관,12,2023-12-31,사업보고서,KRW,ifrs-full_RetainedEarnings,            이익잉여금,"3,032,181,000,000","3,069,236,000,000","2,690,223,000,000"
"재무상태표, 은행 - 별도",[000110],한국스탠다드차타드은행,기타법인,641,은행 및 저축기관,12,2023-12-31,사업보고서,KRW,dart_AmountRequiredToBeAddedReversedRegulatoryReserveForCreditLoss,               대손준비금 전입(환입) 필요액,"-82,505,000,000","-71,150,000,000","44,503,000,000"
"재무상태표, 은행 - 별도",[000110],한국스탠다드차타드은행,기타법인,641,은행 및 저축기관,12,2023-12-31,사업보고서,KRW,dart_RegulatoryReserveForCreditLoss,               대손준비금 적립액,"341,665,000,000","412,815,000,000","368,312,000,000"
"재무상태표, 은행 - 별도",[000110],한국스탠다드차타드은행,기타법인,641,은행 및 저축기관,12,2023-12-31,사업보고서,KRW,dart_RegulatoryReserveForCreditLossToBeAddedReversed,               대손준비금 전입(환입) 예정액,"-82,505,000,000","-71,150,000,000","44,503,000,000"
"재무상태표, 은행 - 별도",[000110],한국스탠다드차타드은행,기타법인,641,은행 및 저축기관,12,2023-12-31,사업보고서,KRW,dart_UnreservedAmountRegulatoryReserveForCreditLoss,               대손준비금 미적립액,0,0,0
"재무상태표, 은행 - 별도",[000110],한국스탠다드차타드은행,기타법인,641,은행 및 저축기관,12,2023-12-31,사업보고서,KRW,ifrs-full_EquityAndLiabilities,         자본과부채총계,"85,820,476,000,000","98,588,416,000,000","86,885,215,000,000"
"재무상태표, 은행 - 별도",[000110],한국스탠다드차타드은행,기타법인,641,은행 및 저축기관,12,2023-12-31,사업보고서,KRW,ifrs-full_BondsIssued,            발행사채,"4,358,127,000,000","6,088,871,000,000","5,487,515,000,000"
"재무상태표, 은행 - 별도",[000110],한국스탠다드차타드은행,기타법인,641,은행 및 저축기관,12,2023-12-31,사업보고서,KRW,ifrs-full_Borrowings,            차입부채,"1,740,733,000,000","1,601,493,000,000","1,112,647,000,000"
"재무상태표, 은행 - 별도",[000110],한국스탠다드차타드은행,기타법인,641,은행 및 저축기관,12,2023-12-31,사업보고서,KRW,ifrs-full_CurrentTaxLiabilities,            당기법인세부채,"137,642,000,000","58,267,000,000",0
"재무상태표, 은행 - 별도",[000110],한국스탠다드차타드은행,기타법인,641,은행 및 저축기관,12,2023-12-31,사업보고서,KRW,ifrs-full_DepositsFromCustomers,            예수부채,"50,733,359,000,000","58,914,247,000,000","60,940,219,000,000"
"재무상태표, 은행 - 별도",[000110],한국스탠다드차타드은행,기타법인,641,은행 및 저축기관,12,2023-12-31,사업보고서,KRW,ifrs-full_DerivativeFinancialLiabilitiesHeldForHedging,            위험회피목적파생상품부채,"35,952,000,000","59,040,000,000","251,000,000"
"재무상태표, 은행 - 별도",[000110],한국스탠다드차타드은행,기타법인,641,은행 및 저축기관,12,2023-12-31,사업보고서,KRW,ifrs-full_FinancialLiabilitiesAtFairValueThroughProfitOrLoss,            당기손익-공정가치측정금융부채,"10,252,776,000,000","13,882,166,000,000","5,857,522,000,000"
"재무상태표, 은행 - 별도",[000110],한국스탠다드차타드은행,기타법인,641,은행 및 저축기관,12,2023-12-31,사업보고서,KRW,ifrs-full_FinancialLiabilitiesAtFairValueThroughProfitOrLossDesignatedAsUponInitialRecognition,            당기손익인식-공정가치측정지정금융부채,"2,158,714,000,000","1,808,139,000,000","1,738,821,000,000"
"재무상태표, 은행 - 별도",[000110],한국스탠다드차타드은행,기타법인,641,은행 및 저축기관,12,2023-12-31,사업보고서,KRW,ifrs-full_Liabilities,            부채총계,"80,524,744,000,000","93,287,431,000,000","81,945,100,000,000"
"재무상태표, 은행 - 별도",[000110],한국스탠다드차타드은행,기타법인,641,은행 및 저축기관,12,2023-12-31,사업보고서,KRW,ifrs-full_OtherFinancialLiabilities,            기타금융부채,"10,918,944,000,000","10,711,012,000,000","6,688,374,000,000"
"재무상태표, 은행 - 별도",[000110],한국스탠다드차타드은행,기타법인,641,은행 및 저축기관,12,2023-12-31,사업보고서,KRW,ifrs-full_OtherNonfinancialLiabilities,            기타부채,"72,637,000,000","60,870,000,000","46,290,000,000"
"재무상태표, 은행 - 별도",[000110],한국스탠다드차타드은행,기타법인,641,은행 및 저축기관,12,2023-12-31,사업보고서,KRW,ifrs-full_Provisions,            충당부채,"115,860,000,000","103,326,000,000","73,461,000,000"
"재무상태표, 은행 - 별도",[016830],한국씨티은행,기타법인,641,은행 및 저축기관,12,2023-12-31,사업보고서,KRW,dart_CashAndDuefromBanks,         현금및예치금,"2,078,694,000,000","3,457,612,000,000","2,948,762,000,000"
"재무상태표, 은행 - 별도",[016830],한국씨티은행,기타법인,641,은행 및 저축기관,12,2023-12-31,사업보고서,KRW,dart_LoansAtAmortisedCost,         상각후원가측정대출채권,"14,739,914,000,000","20,162,052,000,000","24,244,332,000,000"
"재무상태표, 은행 - 별도",[016830],한국씨티은행,기타법인,641,은행 및 저축기관,12,2023-12-31,사업보고서,KRW,ifrs-full_Assets,         자산총계,"38,303,767,000,000","45,942,450,000,000","46,431,794,000,000"
"재무상태표, 은행 - 별도",[016830],한국씨티은행,기타법인,641,은행 및 저축기관,12,2023-12-31,사업보고서,KRW,ifrs-full_CurrentTaxAssets,         당기법인세자산,"30,609,000,000","20,575,000,000","19,120,000,000"
"재무상태표, 은행 - 별도",[016830],한국씨티은행,기타법인,641,은행 및 저축기관,12,2023-12-31,사업보고서,KRW,ifrs-full_DeferredTaxAssets,         이연법인세자산,"315,965,000,000","406,661,000,000","481,702,000,000"
"재무상태표, 은행 - 별도",[016830],한국씨티은행,기타법인,641,은행 및 저축기관,12,2023-12-31,사업보고서,KRW,ifrs-full_DerivativeFinancialAssets,         파생상품자산,"5,631,579,000,000","7,451,282,000,000","2,513,610,000,000"
"재무상태표, 은행 - 별도",[016830],한국씨티은행,기타법인,641,은행 및 저축기관,12,2023-12-31,사업보고서,KRW,ifrs-full_FinancialAssetsAtFairValueThroughOtherComprehensiveIncome,         기타포괄손익-공정가치측정금융자산,"11,380,269,000,000","10,042,007,000,000","10,908,223,000,000"
"재무상태표, 은행 - 별도",[016830],한국씨티은행,기타법인,641,은행 및 저축기관,12,2023-12-31,사업보고서,KRW,ifrs-full_FinancialAssetsAtFairValueThroughProfitOrLoss,         당기손익-공정가치측정금융자산,"794,681,000,000","644,605,000,000","697,758,000,000"
"재무상태표, 은행 - 별도",[016830],한국씨티은행,기타법인,641,은행 및 저축기관,12,2023-12-31,사업보고서,KRW,ifrs-full_IntangibleAssetsAndGoodwill,         무형자산,"14,610,000,000","15,691,000,000","16,197,000,000"
"재무상태표, 은행 - 별도",[016830],한국씨티은행,기타법인,641,은행 및 저축기관,12,2023-12-31,사업보고서,KRW,ifrs-full_InvestmentProperty,         투자부동산,"8,863,000,000","9,612,000,000","9,695,000,000"
"재무상태표, 은행 - 별도",[016830],한국씨티은행,기타법인,641,은행 및 저축기관,12,2023-12-31,사업보고서,KRW,ifrs-full_NoncurrentAssetsOrDisposalGroupsClassifiedAsHeldForSale,         매각예정자산,"2,631,000,000","1,782,000,000",0
"재무상태표, 은행 - 별도",[016830],한국씨티은행,기타법인,641,은행 및 저축기관,12,2023-12-31,사업보고서,KRW,ifrs-full_OtherNonfinancialAssets,         기타자산,"3,204,515,000,000","3,585,693,000,000","4,408,756,000,000"
"재무상태표, 은행 - 별도",[016830],한국씨티은행,기타법인,641,은행 및 저축기관,12,2023-12-31,사업보고서,KRW,ifrs-full_PropertyPlantAndEquipment,         유형자산,"101,437,000,000","144,878,000,000","183,639,000,000"
"재무상태표, 은행 - 별도",[016830],한국씨티은행,기타법인,641,은행 및 저축기관,12,2023-12-31,사업보고서,KRW,dart_CapitalSurplus,            자본잉여금,"1,377,407,000,000","1,377,173,000,000","1,377,541,000,000"
"재무상태표, 은행 - 별도",[016830],한국씨티은행,기타법인,641,은행 및 저축기관,12,2023-12-31,사업보고서,KRW,ifrs-full_AccumulatedOtherComprehensiveIncome,            기타포괄손익누계액,"-71,128,000,000","-121,608,000,000","-137,180,000,000"
"재무상태표, 은행 - 별도",[016830],한국씨티은행,기타법인,641,은행 및 저축기관,12,2023-12-31,사업보고서,KRW,ifrs-full_Equity,            자본총계,"5,905,280,000,000","5,650,176,000,000","5,488,971,000,000"
"재무상태표, 은행 - 별도",[016830],한국씨티은행,기타법인,641,은행 및 저축기관,12,2023-12-31,사업보고서,KRW,ifrs-full_IssuedCapital,            자본금,"1,591,372,000,000","1,591,372,000,000","1,591,372,000,000"
"재무상태표, 은행 - 별도",[016830],한국씨티은행,기타법인,641,은행 및 저축기관,12,2023-12-31,사업보고서,KRW,ifrs-full_RetainedEarnings,            이익잉여금,"3,007,629,000,000","2,803,239,000,000","2,657,238,000,000"
"재무상태표, 은행 - 별도",[016830],한국씨티은행,기타법인,641,은행 및 저축기관,12,2023-12-31,사업보고서,KRW,dart_AmountRequiredToBeAddedReversedRegulatoryReserveForCreditLoss,               대손준비금 환입필요액,"-60,359,000,000","-61,023,000,000","-417,000,000"
"재무상태표, 은행 - 별도",[016830],한국씨티은행,기타법인,641,은행 및 저축기관,12,2023-12-31,사업보고서,KRW,dart_RegulatoryReserveForCreditLoss,               대손준비금 적립액,"200,100,000,000","261,123,000,000","261,540,000,000"
"재무상태표, 은행 - 별도",[016830],한국씨티은행,기타법인,641,은행 및 저축기관,12,2023-12-31,사업보고서,KRW,dart_RegulatoryReserveForCreditLossToBeAddedReversed,               대손준비금 환입예정액,"-60,359,000,000","-61,023,000,000","-417,000,000"
"재무상태표, 은행 - 별도",[016830],한국씨티은행,기타법인,641,은행 및 저축기관,12,2023-12-31,사업보고서,KRW,dart_UnreservedAmountRegulatoryReserveForCreditLoss,               대손준비금 미적립액,0,0,0
"재무상태표, 은행 - 별도",[016830],한국씨티은행,기타법인,641,은행 및 저축기관,12,2023-12-31,사업보고서,KRW,ifrs-full_EquityAndLiabilities,         자본과부채총계,"38,303,767,000,000","45,942,450,000,000","46,431,794,000,000"
"재무상태표, 은행 - 별도",[016830],한국씨티은행,기타법인,641,은행 및 저축기관,12,2023-12-31,사업보고서,KRW,ifrs-full_BondsIssued,            사채,"239,977,000,000","499,910,000,000","1,369,695,000,000"
"재무상태표, 은행 - 별도",[016830],한국씨티은행,기타법인,641,은행 및 저축기관,12,2023-12-31,사업보고서,KRW,ifrs-full_Borrowings,            차입부채,"1,924,081,000,000","1,929,470,000,000","1,292,643,000,000"
"재무상태표, 은행 - 별도",[016830],한국씨티은행,기타법인,641,은행 및 저축기관,12,2023-12-31,사업보고서,KRW,ifrs-full_DepositsFromCustomers,            예수부채,"18,826,695,000,000","25,038,204,000,000","27,968,071,000,000"
"재무상태표, 은행 - 별도",[016830],한국씨티은행,기타법인,641,은행 및 저축기관,12,2023-12-31,사업보고서,KRW,ifrs-full_DerivativeFinancialLiabilities,            파생상품부채,"5,240,409,000,000","6,544,583,000,000","2,281,022,000,000"
"재무상태표, 은행 - 별도",[016830],한국씨티은행,기타법인,641,은행 및 저축기관,12,2023-12-31,사업보고서,KRW,ifrs-full_FinancialLiabilitiesAtFairValueThroughProfitOrLoss,            당기손익-공정가치측정금융부채,"23,346,000,000","21,275,000,000","28,999,000,000"
"재무상태표, 은행 - 별도",[016830],한국씨티은행,기타법인,641,은행 및 저축기관,12,2023-12-31,사업보고서,KRW,ifrs-full_Liabilities,            부채총계,"32,398,487,000,000","40,292,274,000,000","40,942,823,000,000"
"재무상태표, 은행 - 별도",[016830],한국씨티은행,기타법인,641,은행 및 저축기관,12,2023-12-31,사업보고서,KRW,ifrs-full_OtherNonfinancialLiabilities,            기타부채,"6,100,857,000,000","6,220,764,000,000","7,969,430,000,000"
"재무상태표, 은행 - 별도",[016830],한국씨티은행,기타법인,641,은행 및 저축기관,12,2023-12-31,사업보고서,KRW,ifrs-full_Provisions,            충당부채,"43,122,000,000","38,068,000,000","32,963,000,000"
