재무제표종류,종목코드,회사명,시장구분,업종,업종명,통화,항목명,당기,전기,전전기
재무상태표,005830,DB손해보험,유가증권시장상장법인,651,보험업,KRW,         현금및예치금,"1,517,693,202,857","1,307,945,025,329","818,534,002,313"
재무상태표,005830,DB손해보험,유가증권시장상장법인,651,보험업,KRW,         당기손익인식금융자산,0,"1,905,871,718,540","1,246,370,371,106"
재무상태표,005830,DB손해보험,유가증권시장상장법인,651,보험업,KRW,         매도가능금융자산,0,"19,859,009,699,890","19,624,038,222,795"
재무상태표,005830,DB손해보험,유가증권시장상장법인,651,보험업,KRW,         만기보유금융자산,0,"11,870,956,593,582","8,550,223,110,350"
재무상태표,005830,DB손해보험,유가증권시장상장법인,651,보험업,KRW,         대여금및수취채권,0,"18,136,109,701,691","21,370,029,473,968"
재무상태표,005830,DB손해보험,유가증권시장상장법인,651,보험업,KRW,         특별계정자산,0,0,"7,491,676,148,256"
재무상태표,005830,DB손해보험,유가증권시장상장법인,651,보험업,KRW,         재보험자산,0,0,"1,005,568,212,719"
재무상태표,005830,DB손해보험,유가증권시장상장법인,651,보험업,KRW,         자산총계,"60,040,428,590,956","57,635,178,300,728","64,751,602,573,672"
재무상태표,005830,DB손해보험,유가증권시장상장법인,651,보험업,KRW,         당기법인세자산,"27,782,765,469","44,453,578,297","19,647,705,268"
재무상태표,005830,DB손해보험,유가증권시장상장법인,651,보험업,KRW,         이연법인세자산,"6,479,818,406","10,408,754,291","55,465,506,190"
재무상태표,005830,DB손해보험,유가증권시장상장법인,651,보험업,KRW,         파생상품자산,"318,784,553,678","598,160,499,031","38,534,809,348"
재무상태표,005830,DB손해보험,유가증권시장상장법인,651,보험업,KRW,            위험회피목적파생상품자산,"315,089,991,107","595,201,193,980","38,101,208,920"
재무상태표,005830,DB손해보험,유가증권시장상장법인,651,보험업,KRW,            단기매매 파생금융자산,"3,694,562,571","2,959,305,051","433,600,428"
재무상태표,005830,DB손해보험,유가증권시장상장법인,651,보험업,KRW,         상각후원가측정금융자산,"16,243,681,758,314",0,0
재무상태표,005830,DB손해보험,유가증권시장상장법인,651,보험업,KRW,            상각후원가측정대출채권,"14,127,896,118,852",0,0
재무상태표,005830,DB손해보험,유가증권시장상장법인,651,보험업,KRW,            상각후원가측정기타금융자산,"937,002,355,341",0,0
재무상태표,005830,DB손해보험,유가증권시장상장법인,651,보험업,KRW,            상각후원가측정유가증권,"1,178,783,284,121",0,0
재무상태표,005830,DB손해보험,유가증권시장상장법인,651,보험업,KRW,         기타포괄손익-공정가치측정금융자산,"26,193,318,873,812",0,0
재무상태표,005830,DB손해보험,유가증권시장상장법인,651,보험업,KRW,         당기손익-공정가치측정금융자산,"10,947,848,085,693",0,0
재무상태표,005830,DB손해보험,유가증권시장상장법인,651,보험업,KRW,         보험계약자산,"480,182,995,754","205,094,333,463",0
재무상태표,005830,DB손해보험,유가증권시장상장법인,651,보험업,KRW,         무형자산,"136,911,472,537","140,883,757,420","213,386,597,351"
재무상태표,005830,DB손해보험,유가증권시장상장법인,651,보험업,KRW,         관계종속기업투자자산-지분법,"354,099,984,861","328,174,473,891","343,698,839,154"
재무상태표,005830,DB손해보험,유가증권시장상장법인,651,보험업,KRW,         투자부동산,"1,020,645,943,973","1,127,628,884,020","1,185,026,092,060"
재무상태표,005830,DB손해보험,유가증권시장상장법인,651,보험업,KRW,         기타자산,"250,256,014,375","67,253,060,729","2,332,285,641,562"
재무상태표,005830,DB손해보험,유가증권시장상장법인,651,보험업,KRW,         유형자산,"611,651,029,727","504,393,634,032","457,117,841,232"
재무상태표,005830,DB손해보험,유가증권시장상장법인,651,보험업,KRW,         순확정급여자산,"87,685,230,376","124,286,519,607",0
재무상태표,005830,DB손해보험,유가증권시장상장법인,651,보험업,KRW,         재보험계약자산,"1,843,406,861,124","1,404,548,066,915",0
재무상태표,005830,DB손해보험,유가증권시장상장법인,651,보험업,KRW,            자본총계,"10,303,747,263,209","12,124,266,534,256","6,732,468,664,221"
재무상태표,005830,DB손해보험,유가증권시장상장법인,651,보험업,KRW,            지배주주지분,"10,236,549,116,065","12,016,248,375,002","6,641,133,176,142"
재무상태표,005830,DB손해보험,유가증권시장상장법인,651,보험업,KRW,               자본조정,"-152,626,300,193","-152,492,009,860","-152,492,009,860"
재무상태표,005830,DB손해보험,유가증권시장상장법인,651,보험업,KRW,               자본잉여금,"85,979,024,641","85,979,024,641","84,884,742,115"
재무상태표,005830,DB손해보험,유가증권시장상장법인,651,보험업,KRW,               기타포괄손익누계액,"-146,357,651,760","3,040,119,600,372","728,450,888,489"
재무상태표,005830,DB손해보험,유가증권시장상장법인,651,보험업,KRW,               자본금,"35,400,000,000","35,400,000,000","35,400,000,000"
재무상태표,005830,DB손해보험,유가증권시장상장법인,651,보험업,KRW,               이익잉여금(결손금),"10,414,154,043,377","9,007,241,759,849","5,944,889,555,398"
재무상태표,005830,DB손해보험,유가증권시장상장법인,651,보험업,KRW,                  비상위험준비금 적립액,"-1,378,570,528,290","-1,248,819,600,630","-1,130,757,453,749"
재무상태표,005830,DB손해보험,유가증권시장상장법인,651,보험업,KRW,                  비상위험준비금 적립(환입)예정액,"-136,483,064,007","-129,750,927,660","-118,062,146,881"
재무상태표,005830,DB손해보험,유가증권시장상장법인,651,보험업,KRW,                  대손준비금 기적립액,"-94,673,375,012","-100,443,630,129","-87,981,961,679"
재무상태표,005830,DB손해보험,유가증권시장상장법인,651,보험업,KRW,                  대손준비금 적립(환입)예정액,"-47,694,893,078","5,770,255,117","-12,461,668,450"
재무상태표,005830,DB손해보험,유가증권시장상장법인,651,보험업,KRW,                  해약환급금준비금 적립(환입)예정액,"-4,278,867,062,815",0,0
재무상태표,005830,DB손해보험,유가증권시장상장법인,651,보험업,KRW,            비지배지분,"67,198,147,144","108,018,159,254","91,335,488,079"
재무상태표,005830,DB손해보험,유가증권시장상장법인,651,보험업,KRW,         자본과부채총계,"60,040,428,590,956","57,635,178,300,728","64,751,602,573,672"
재무상태표,005830,DB손해보험,유가증권시장상장법인,651,보험업,KRW,            계약자지분조정,0,0,"1,327,694,809"
재무상태표,005830,DB손해보험,유가증권시장상장법인,651,보험업,KRW,            특별계정부채,0,0,"7,676,406,676,290"
재무상태표,005830,DB손해보험,유가증권시장상장법인,651,보험업,KRW,            당기법인세부채,"54,465,954,131","7,809,046,226","155,940,276,682"
재무상태표,005830,DB손해보험,유가증권시장상장법인,651,보험업,KRW,            이연법인세부채,"1,460,129,286,113","2,133,917,780,808","548,118,357,618"
재무상태표,005830,DB손해보험,유가증권시장상장법인,651,보험업,KRW,            파생상품부채,"249,821,133,435","412,294,219,323","419,088,089,513"
재무상태표,005830,DB손해보험,유가증권시장상장법인,651,보험업,KRW,               위험회피목적파생상품부채,"249,821,133,435","411,699,718,323","408,496,620,909"
재무상태표,005830,DB손해보험,유가증권시장상장법인,651,보험업,KRW,               단기매매 파생금융부채,0,"594,501,000","10,591,468,604"
재무상태표,005830,DB손해보험,유가증권시장상장법인,651,보험업,KRW,            상각후원가측정금융부채,"2,959,943,080,907",0,0
재무상태표,005830,DB손해보험,유가증권시장상장법인,651,보험업,KRW,            보험계약부채,"36,875,458,479,031","33,671,792,296,874","45,973,062,161,950"
재무상태표,005830,DB손해보험,유가증권시장상장법인,651,보험업,KRW,            투자계약부채,"7,859,934,573,516","5,487,530,374,407",0
재무상태표,005830,DB손해보험,유가증권시장상장법인,651,보험업,KRW,            부채총계,"49,736,681,327,747","45,510,911,766,472","58,019,133,909,451"
재무상태표,005830,DB손해보험,유가증권시장상장법인,651,보험업,KRW,            기타부채,"236,089,451,540","3,760,484,727,222","3,239,005,223,888"
재무상태표,005830,DB손해보험,유가증권시장상장법인,651,보험업,KRW,            순확정급여부채,"74,865,267",0,"6,185,428,701"
재무상태표,005830,DB손해보험,유가증권시장상장법인,651,보험업,KRW,            재보험계약부채,"40,764,503,807","37,083,321,612",0
재무상태표,002550,KB손해보험,기타법인,651,보험업,KRW,         상각후원가측정대출채권,"5,975,301,000,000","6,189,267,000,000","8,310,277,000,000"
재무상태표,002550,KB손해보험,기타법인,651,보험업,KRW,         상각후원가측정기타수취채권,"562,050,000,000","625,700,000,000","837,795,000,000"
재무상태표,002550,KB손해보험,기타법인,651,보험업,KRW,         상각후원가측정유가증권,"29,723,000,000","29,816,000,000","8,909,307,000,000"
재무상태표,002550,KB손해보험,기타법인,651,보험업,KRW,         신계약비,0,0,"1,379,109,000,000"
재무상태표,002550,KB손해보험,기타법인,651,보험업,KRW,         특별계정자산,0,0,"3,384,211,000,000"
재무상태표,002550,KB손해보험,기타법인,651,보험업,KRW,         자산총계,"37,800,471,000,000","34,816,035,000,000","40,333,253,000,000"
재무상태표,002550,KB손해보험,기타법인,651,보험업,KRW,         현금및현금성자산,"1,149,218,000,000","782,130,000,000","522,681,000,000"
재무상태표,002550,KB손해보험,기타법인,651,보험업,KRW,         당기법인세자산,"90,000,000","2,083,000,000","1,236,000,000"
재무상태표,002550,KB손해보험,기타법인,651,보험업,KRW,         이연법인세자산,"3,906,000,000","3,508,000,000","3,539,000,000"
재무상태표,002550,KB손해보험,기타법인,651,보험업,KRW,         위험회피목적파생상품자산,"136,542,000,000","54,175,000,000","7,758,000,000"
재무상태표,002550,KB손해보험,기타법인,651,보험업,KRW,         기타포괄손익-공정가치측정금융자산,"18,035,111,000,000","15,741,249,000,000","5,848,590,000,000"
재무상태표,002550,KB손해보험,기타법인,651,보험업,KRW,         당기손익-공정가치측정금융자산,"9,195,921,000,000","8,994,629,000,000","8,633,955,000,000"
재무상태표,002550,KB손해보험,기타법인,651,보험업,KRW,         보험계약자산,"229,640,000,000","83,304,000,000",0
재무상태표,002550,KB손해보험,기타법인,651,보험업,KRW,         무형자산,"80,781,000,000","75,953,000,000","62,150,000,000"
재무상태표,002550,KB손해보험,기타법인,651,보험업,KRW,         관계기업투자주식,"58,761,000,000","51,480,000,000","2,421,000,000"
재무상태표,002550,KB손해보험,기타법인,651,보험업,KRW,         투자부동산,"5,216,000,000","5,389,000,000","218,509,000,000"
재무상태표,002550,KB손해보험,기타법인,651,보험업,KRW,         기타자산,"111,932,000,000","30,141,000,000","76,717,000,000"
재무상태표,002550,KB손해보험,기타법인,651,보험업,KRW,         유형자산,"473,006,000,000","547,651,000,000","701,767,000,000"
재무상태표,002550,KB손해보험,기타법인,651,보험업,KRW,         순확정급여자산,"106,768,000,000","111,307,000,000","90,616,000,000"
재무상태표,002550,KB손해보험,기타법인,651,보험업,KRW,         재보험계약자산,"1,646,505,000,000","1,488,253,000,000","1,342,615,000,000"
재무상태표,002550,KB손해보험,기타법인,651,보험업,KRW,            자본총계,"6,307,652,000,000","5,779,065,000,000","3,316,872,000,000"
재무상태표,002550,KB손해보험,기타법인,651,보험업,KRW,            지배기업소유지분,"6,301,974,000,000","5,773,833,000,000","3,311,831,000,000"
재무상태표,002550,KB손해보험,기타법인,651,보험업,KRW,               자본조정,"-9,000,000","-9,000,000","-9,000,000"
재무상태표,002550,KB손해보험,기타법인,651,보험업,KRW,               자본잉여금,"348,454,000,000","348,454,000,000","348,454,000,000"
재무상태표,002550,KB손해보험,기타법인,651,보험업,KRW,               기타포괄손익누계액,"285,792,000,000","173,862,000,000","14,655,000,000"
재무상태표,002550,KB손해보험,기타법인,651,보험업,KRW,               자본금,"33,250,000,000","33,250,000,000","33,250,000,000"
재무상태표,002550,KB손해보험,기타법인,651,보험업,KRW,               이익잉여금,"5,634,487,000,000","5,218,276,000,000","2,915,481,000,000"
재무상태표,002550,KB손해보험,기타법인,651,보험업,KRW,                  비상위험준비금 기적립액,"1,058,272,000,000","977,846,000,000","904,249,000,000"
재무상태표,002550,KB손해보험,기타법인,651,보험업,KRW,                  비상위험준비금 적립(환입)예정액,"77,045,000,000","80,426,000,000","73,597,000,000"
재무상태표,002550,KB손해보험,기타법인,651,보험업,KRW,                  대손준비금 기적립액,"51,836,000,000","58,115,000,000","52,797,000,000"
재무상태표,002550,KB손해보험,기타법인,651,보험업,KRW,                  대손준비금 적립(환입)예정액,"-31,918,000,000","-6,279,000,000","5,318,000,000"
재무상태표,002550,KB손해보험,기타법인,651,보험업,KRW,                  해약환급금준비금 적립예정액,"2,792,853,000,000",0,0
재무상태표,002550,KB손해보험,기타법인,651,보험업,KRW,            비지배지분,"5,678,000,000","5,232,000,000","5,041,000,000"
재무상태표,002550,KB손해보험,기타법인,651,보험업,KRW,         자본과부채총계,"37,800,471,000,000","34,816,035,000,000","40,333,253,000,000"
재무상태표,002550,KB손해보험,기타법인,651,보험업,KRW,            특별계정부채,0,0,"3,598,144,000,000"
재무상태표,002550,KB손해보험,기타법인,651,보험업,KRW,            사채,"663,955,000,000","663,616,000,000","378,094,000,000"
재무상태표,002550,KB손해보험,기타법인,651,보험업,KRW,            당기법인세부채,"67,000,000","847,000,000","328,000,000"
재무상태표,002550,KB손해보험,기타법인,651,보험업,KRW,            이연법인세부채,"1,235,151,000,000","1,011,895,000,000","306,891,000,000"
재무상태표,002550,KB손해보험,기타법인,651,보험업,KRW,            위험회피목적파생상품부채,"183,709,000,000","281,552,000,000","113,723,000,000"
재무상태표,002550,KB손해보험,기타법인,651,보험업,KRW,            당기손익-공정가치측정금융부채,"1,575,000,000","137,000,000","4,620,000,000"
재무상태표,002550,KB손해보험,기타법인,651,보험업,KRW,            보험계약부채,"24,441,747,000,000","22,079,065,000,000","31,607,422,000,000"
재무상태표,002550,KB손해보험,기타법인,651,보험업,KRW,            부채총계,"31,492,819,000,000","29,036,970,000,000","37,016,381,000,000"
재무상태표,002550,KB손해보험,기타법인,651,보험업,KRW,            차입부채,0,"29,732,000,000","83,560,000,000"
재무상태표,002550,KB손해보험,기타법인,651,보험업,KRW,            상각후원가측정기타금융부채,"4,712,564,000,000","4,703,226,000,000","707,343,000,000"
재무상태표,002550,KB손해보험,기타법인,651,보험업,KRW,            기타부채,"244,242,000,000","258,884,000,000","188,892,000,000"
재무상태표,002550,KB손해보험,기타법인,651,보험업,KRW,            충당부채,"5,579,000,000","4,505,000,000","27,043,000,000"
재무상태표,002550,KB손해보험,기타법인,651,보험업,KRW,            확정급여채무,"388,000,000","362,000,000","321,000,000"
재무상태표,002550,KB손해보험,기타법인,651,보험업,KRW,            재보험계약부채,"3,842,000,000","3,149,000,000",0
재무상태표,082640,동양생명,유가증권시장상장법인,651,보험업,KRW,         상각후원가측정금융자산,"7,223,395,892,458",0,0
재무상태표,082640,동양생명,유가증권시장상장법인,651,보험업,KRW,         기타포괄손익-공정가치측정금융자산,"18,570,667,309,792",0,0
재무상태표,082640,동양생명,유가증권시장상장법인,651,보험업,KRW,         당기손익-공정가치측정금융자산,"5,497,372,576,031",0,0
재무상태표,082640,동양생명,유가증권시장상장법인,651,보험업,KRW,            당기손익-공정가치측정금융부채,"19,227,102,683",0,0
재무상태표,082640,동양생명,유가증권시장상장법인,651,보험업,KRW,            투자계약부채,"3,058,395,190,919","2,463,630,677,044",0
재무상태표,082640,동양생명,유가증권시장상장법인,651,보험업,KRW,            순확정급여부채,"6,349,290,589","135,943,102",0
재무상태표,082640,동양생명,유가증권시장상장법인,651,보험업,KRW,            재보험계약부채,"8,909,175,948","7,542,004,265",0
재무상태표,082640,동양생명,유가증권시장상장법인,651,보험업,KRW,         예치금,0,"436,452,346,260","412,389,741,517"
재무상태표,082640,동양생명,유가증권시장상장법인,651,보험업,KRW,         당기손익인식금융자산,0,"4,416,875,138,818","855,029,682,767"
재무상태표,082640,동양생명,유가증권시장상장법인,651,보험업,KRW,         매도가능금융자산,0,"7,909,783,190,958","8,532,078,428,285"
재무상태표,082640,동양생명,유가증권시장상장법인,651,보험업,KRW,         만기보유금융자산,0,"13,737,432,694,275","13,654,120,000,822"
재무상태표,082640,동양생명,유가증권시장상장법인,651,보험업,KRW,         수취채권,0,"305,198,199,142","287,606,285,723"
재무상태표,082640,동양생명,유가증권시장상장법인,651,보험업,KRW,         대출채권,0,"6,781,823,867,538","7,272,163,590,616"
재무상태표,082640,동양생명,유가증권시장상장법인,651,보험업,KRW,         자산총계,"32,869,437,390,169","34,866,586,937,074","37,103,344,689,802"
재무상태표,082640,동양생명,유가증권시장상장법인,651,보험업,KRW,         현금및현금성자산,"961,674,860,600","602,036,177,820","530,221,533,537"
재무상태표,082640,동양생명,유가증권시장상장법인,651,보험업,KRW,         당기법인세자산,"81,981,724,682","81,997,677,986","55,213,993,626"
재무상태표,082640,동양생명,유가증권시장상장법인,651,보험업,KRW,         위험회피목적파생상품자산,"132,750,696,712","186,232,672,665","14,652,964,784"
재무상태표,082640,동양생명,유가증권시장상장법인,651,보험업,KRW,         무형자산,"19,978,127,658","24,801,360,047","22,081,103,534"
재무상태표,082640,동양생명,유가증권시장상장법인,651,보험업,KRW,         관계기업투자주식,0,0,"241,443,053,663"
재무상태표,082640,동양생명,유가증권시장상장법인,651,보험업,KRW,         투자부동산,"308,301,929,957","274,193,609,234","286,264,329,741"
재무상태표,082640,동양생명,유가증권시장상장법인,651,보험업,KRW,         기타자산,"1,723,966,299","2,053,137,402","4,848,737,806,203"
재무상태표,082640,동양생명,유가증권시장상장법인,651,보험업,KRW,         유형자산,"59,257,060,904","70,942,949,235","64,681,463,263"
재무상태표,082640,동양생명,유가증권시장상장법인,651,보험업,KRW,         순확정급여자산,0,"4,895,343,798","3,331,115,157"
재무상태표,082640,동양생명,유가증권시장상장법인,651,보험업,KRW,         재보험계약자산,"12,333,245,076","31,868,571,896","23,329,596,564"
재무상태표,082640,동양생명,유가증권시장상장법인,651,보험업,KRW,            자본총계,"2,903,979,870,319","4,859,589,804,127","3,043,935,891,765"
재무상태표,082640,동양생명,유가증권시장상장법인,651,보험업,KRW,            지배주주지분,"2,903,979,870,319","4,859,589,804,127","3,043,935,891,765"
재무상태표,082640,동양생명,유가증권시장상장법인,651,보험업,KRW,               자본조정,"-60,666,659,540","-60,806,002,790","-60,806,002,790"
재무상태표,082640,동양생명,유가증권시장상장법인,651,보험업,KRW,               자본잉여금,"463,680,391,349","463,680,391,349","463,680,391,349"
재무상태표,082640,동양생명,유가증권시장상장법인,651,보험업,KRW,               신종자본증권,"344,567,360,747","344,572,058,588","344,619,036,991"
재무상태표,082640,동양생명,유가증권시장상장법인,651,보험업,KRW,               기타포괄손익누계액,"36,249,451,957","1,526,855,429,597","177,612,835,170"
재무상태표,082640,동양생명,유가증권시장상장법인,651,보험업,KRW,               자본금,"806,792,925,000","806,792,925,000","806,792,925,000"
재무상태표,082640,동양생명,유가증권시장상장법인,651,보험업,KRW,               이익잉여금(결손금),"1,313,356,400,806","1,778,495,002,383","1,312,036,706,045"
재무상태표,082640,동양생명,유가증권시장상장법인,651,보험업,KRW,         자본과부채총계,"32,869,437,390,169","34,866,586,937,074","37,103,344,689,802"
재무상태표,082640,동양생명,유가증권시장상장법인,651,보험업,KRW,            계약자지분조정,"-1,676,958,492","793,074,690","10,536,871,847"
재무상태표,082640,동양생명,유가증권시장상장법인,651,보험업,KRW,            당기손익인식금융부채,0,"1,658,694,519","5,754,630,208"
재무상태표,082640,동양생명,유가증권시장상장법인,651,보험업,KRW,            이연법인세부채,"91,268,770,523","681,479,322,517","95,437,366,375"
재무상태표,082640,동양생명,유가증권시장상장법인,651,보험업,KRW,            위험회피목적파생상품부채,"53,139,376,109","209,950,122,433","182,524,317,911"
재무상태표,082640,동양생명,유가증권시장상장법인,651,보험업,KRW,            상각후원가측정금융부채,"253,263,801,723","336,931,245,105","378,629,758,306"
재무상태표,082640,동양생명,유가증권시장상장법인,651,보험업,KRW,            보험계약부채,"26,417,000,323,931","26,240,368,974,589","28,677,157,681,678"
재무상태표,082640,동양생명,유가증권시장상장법인,651,보험업,KRW,            부채총계,"29,965,457,519,850","30,006,997,132,947","34,059,408,798,037"
재무상태표,082640,동양생명,유가증권시장상장법인,651,보험업,KRW,            기타부채,"40,810,940,077","37,052,797,549","4,654,162,695,495"
재무상태표,082640,동양생명,유가증권시장상장법인,651,보험업,KRW,            충당부채,"18,770,505,840","27,454,277,134","55,205,476,217"
재무상태표,000060,메리츠화재해상보험,기타법인,651,보험업,KRW,         예치금,"604,074,071,462","14,973,823,600","14,398,690,120"
재무상태표,000060,메리츠화재해상보험,기타법인,651,보험업,KRW,         상각후원가측정기타금융자산,"382,301,970,614","318,692,062,466","429,613,741,814"
재무상태표,000060,메리츠화재해상보험,기타법인,651,보험업,KRW,         자산총계,"39,525,209,202,464","32,387,945,135,763","27,688,968,238,536"
재무상태표,000060,메리츠화재해상보험,기타법인,651,보험업,KRW,         현금및현금성자산,"1,033,015,982,386","2,588,665,853,895","578,434,896,430"
재무상태표,000060,메리츠화재해상보험,기타법인,651,보험업,KRW,         이연법인세자산,"486,561,988","2,279,611,205","128,557,596,100"
재무상태표,000060,메리츠화재해상보험,기타법인,651,보험업,KRW,         위험회피목적파생상품자산,"291,285,347,820","25,328,272,645","4,139,384,834"
재무상태표,000060,메리츠화재해상보험,기타법인,651,보험업,KRW,         상각후원가측정금융자산,"836,352,512,865","1,431,912,893,927","967,285,163,076"
재무상태표,000060,메리츠화재해상보험,기타법인,651,보험업,KRW,         기타포괄손익-공정가치측정금융자산,"26,107,127,740,156","19,000,803,475,755","17,280,329,811,169"
재무상태표,000060,메리츠화재해상보험,기타법인,651,보험업,KRW,         당기손익-공정가치측정금융자산,"8,074,910,697,695","6,828,616,388,356","4,542,077,281,850"
재무상태표,000060,메리츠화재해상보험,기타법인,651,보험업,KRW,         보험계약자산,"11,342,723,029","6,387,572,459",0
재무상태표,000060,메리츠화재해상보험,기타법인,651,보험업,KRW,         무형자산,"40,534,844,833","44,370,937,255","41,928,658,829"
재무상태표,000060,메리츠화재해상보험,기타법인,651,보험업,KRW,         관계종속기업투자자산-지분법,"98,621,410,240","36,007,105,244","575,806,826"
재무상태표,000060,메리츠화재해상보험,기타법인,651,보험업,KRW,         투자부동산,"282,315,063,824","275,991,465,361","282,130,345,309"
재무상태표,000060,메리츠화재해상보험,기타법인,651,보험업,KRW,         매각예정비유동자산,"1,350,716,000","1,350,716,000","1,350,716,000"
재무상태표,000060,메리츠화재해상보험,기타법인,651,보험업,KRW,         기타자산,"19,925,348,559","13,131,403,117","2,223,662,558,858"
재무상태표,000060,메리츠화재해상보험,기타법인,651,보험업,KRW,         유형자산,"767,389,181,681","752,569,547,744","720,500,611,357"
재무상태표,000060,메리츠화재해상보험,기타법인,651,보험업,KRW,         순확정급여자산,"22,885,785,213","34,160,284,749","11,680,723,573"
재무상태표,000060,메리츠화재해상보험,기타법인,651,보험업,KRW,         재보험계약자산,"951,289,244,099","1,012,703,721,985","462,302,252,391"
재무상태표,000060,메리츠화재해상보험,기타법인,651,보험업,KRW,            자본총계,"5,478,533,180,669","3,666,458,587,358","2,395,153,871,108"
재무상태표,000060,메리츠화재해상보험,기타법인,651,보험업,KRW,            지배주주지분,"5,465,769,583,302","3,655,286,256,760","2,385,285,337,332"
재무상태표,000060,메리츠화재해상보험,기타법인,651,보험업,KRW,               자본조정,"-17,435,019,660","-196,757,283,547","-329,725,974,291"
재무상태표,000060,메리츠화재해상보험,기타법인,651,보험업,KRW,               자본잉여금,"101,623,120,971","101,409,747,877","601,409,747,877"
재무상태표,000060,메리츠화재해상보험,기타법인,651,보험업,KRW,               신종자본증권,"283,729,680,000","283,729,680,000","104,534,360,000"
재무상태표,000060,메리츠화재해상보험,기타법인,651,보험업,KRW,               기타포괄손익누계액,"478,384,895,270","284,717,356,790","-357,103,506,132"
재무상태표,000060,메리츠화재해상보험,기타법인,651,보험업,KRW,               자본금,"60,312,500,000","60,312,500,000","60,312,500,000"
재무상태표,000060,메리츠화재해상보험,기타법인,651,보험업,KRW,               이익잉여금(결손금),"4,559,154,406,721","3,121,874,255,640","2,305,858,209,878"
재무상태표,000060,메리츠화재해상보험,기타법인,651,보험업,KRW,                  비상위험준비금 적립액,"321,055,455,820","301,971,158,238","283,652,269,467"
재무상태표,000060,메리츠화재해상보험,기타법인,651,보험업,KRW,                  비상위험준비금 적립(환입)예정액,"31,556,345,844","19,084,297,582","18,318,888,771"
재무상태표,000060,메리츠화재해상보험,기타법인,651,보험업,KRW,                  대손준비금 기적립액,"42,012,461,767","25,487,363,552","24,555,571,399"
재무상태표,000060,메리츠화재해상보험,기타법인,651,보험업,KRW,                  대손준비금 적립(환입)예정액,"18,381,887,969","16,525,098,215","9,283,613,862"
재무상태표,000060,메리츠화재해상보험,기타법인,651,보험업,KRW,                  해약환급금준비금 기적립액,0,0,0
재무상태표,000060,메리츠화재해상보험,기타법인,651,보험업,KRW,                  해약환급금준비금 적립(환입)예정액,"1,031,254,904,425",0,0
재무상태표,000060,메리츠화재해상보험,기타법인,651,보험업,KRW,            비지배지분,"12,763,597,367","11,172,330,598","9,868,533,776"
재무상태표,000060,메리츠화재해상보험,기타법인,651,보험업,KRW,         자본과부채총계,"39,525,209,202,464","32,387,945,135,763","27,688,968,238,536"
재무상태표,000060,메리츠화재해상보험,기타법인,651,보험업,KRW,            차입부채,"1,244,145,655,569","1,343,166,057,696","957,782,148,724"
재무상태표,000060,메리츠화재해상보험,기타법인,651,보험업,KRW,               사채,"1,244,145,655,569","1,343,166,057,696","957,782,148,724"
재무상태표,000060,메리츠화재해상보험,기타법인,651,보험업,KRW,               기타 차입금,0,0,0
재무상태표,000060,메리츠화재해상보험,기타법인,651,보험업,KRW,            당기법인세부채,"172,449,863,123","196,252,740,028","204,865,781,511"
재무상태표,000060,메리츠화재해상보험,기타법인,651,보험업,KRW,            이연법인세부채,"366,723,420,154",0,0
재무상태표,000060,메리츠화재해상보험,기타법인,651,보험업,KRW,            위험회피목적파생상품부채,"158,935,510,744","307,844,902,855","108,847,584,082"
재무상태표,000060,메리츠화재해상보험,기타법인,651,보험업,KRW,            상각후원가측정금융부채,"229,227,718,993","249,701,613,468","384,485,427,650"
재무상태표,000060,메리츠화재해상보험,기타법인,651,보험업,KRW,            당기손익-공정가치측정금융부채,"324,644,175","245,841,646","5,820,293,676"
재무상태표,000060,메리츠화재해상보험,기타법인,651,보험업,KRW,            보험계약부채,"21,575,964,736,599","18,982,151,464,074","22,983,598,003,808"
재무상태표,000060,메리츠화재해상보험,기타법인,651,보험업,KRW,            투자계약부채,"9,340,209,124,993","6,880,190,432,049",0
재무상태표,000060,메리츠화재해상보험,기타법인,651,보험업,KRW,            리스부채,"24,115,831,432","27,859,429,722","36,417,845,548"
재무상태표,000060,메리츠화재해상보험,기타법인,651,보험업,KRW,            부채총계,"34,046,676,021,795","28,721,486,548,405","25,293,814,367,428"
재무상태표,000060,메리츠화재해상보험,기타법인,651,보험업,KRW,            기타부채,"905,644,205,357","721,802,261,272","604,253,170,814"
재무상태표,000060,메리츠화재해상보험,기타법인,651,보험업,KRW,            충당부채,"28,117,517,347","12,111,819,478","7,581,897,983"
재무상태표,000060,메리츠화재해상보험,기타법인,651,보험업,KRW,            순확정급여부채,"101,932,585","159,986,117","162,213,632"
재무상태표,000060,메리츠화재해상보험,기타법인,651,보험업,KRW,            재보험계약부채,"715,860,724",0,0
재무상태표,085620,미래에셋생명,유가증권시장상장법인,651,보험업,KRW,         상각후원가측정금융자산,"4,254,293,795,956",0,0
재무상태표,085620,미래에셋생명,유가증권시장상장법인,651,보험업,KRW,            상각후원가측정대출채권,"3,184,091,927,972",0,0
재무상태표,085620,미래에셋생명,유가증권시장상장법인,651,보험업,KRW,            상각후원가측정기타금융자산,"1,070,201,867,984",0,0
재무상태표,085620,미래에셋생명,유가증권시장상장법인,651,보험업,KRW,         기타포괄손익-공정가치측정금융자산,"11,226,454,380,747",0,0
재무상태표,085620,미래에셋생명,유가증권시장상장법인,651,보험업,KRW,            기타포괄손익-공정가치측정유가증권,"11,226,454,380,747",0,0
재무상태표,085620,미래에셋생명,유가증권시장상장법인,651,보험업,KRW,         당기손익-공정가치측정금융자산,"15,868,274,468,285",0,0
재무상태표,085620,미래에셋생명,유가증권시장상장법인,651,보험업,KRW,            당기손익-공정가치측정기타금융자산,"42,640,799,087",0,0
재무상태표,085620,미래에셋생명,유가증권시장상장법인,651,보험업,KRW,            당기손익-공정가치측정유가증권,"15,825,633,669,198",0,0
재무상태표,085620,미래에셋생명,유가증권시장상장법인,651,보험업,KRW,                  보증준비금 적립(환입)예정액,"168,173,918,393",0,0
재무상태표,085620,미래에셋생명,유가증권시장상장법인,651,보험업,KRW,                  해약환급금준비금 적립(환입)예정액,"900,203,422,735",0,0
재무상태표,085620,미래에셋생명,유가증권시장상장법인,651,보험업,KRW,                  대손준비금 적립액 변동(기업회계기준서 제1109호 적용에 따른 차이),"-24,748,000,000",0,0
재무상태표,085620,미래에셋생명,유가증권시장상장법인,651,보험업,KRW,               기타 차입금,"250,000,000,000","500,000,000,000",0
재무상태표,085620,미래에셋생명,유가증권시장상장법인,651,보험업,KRW,         매도가능금융자산,0,"6,204,582,059,254","9,438,745,194,488"
재무상태표,085620,미래에셋생명,유가증권시장상장법인,651,보험업,KRW,         당기손익인식금융자산,0,"11,385,740,338,359","15,196,266,246,965"
재무상태표,085620,미래에셋생명,유가증권시장상장법인,651,보험업,KRW,         만기보유금융자산,0,"11,347,594,043,196","9,493,319,287,118"
재무상태표,085620,미래에셋생명,유가증권시장상장법인,651,보험업,KRW,         대여금및수취채권,0,"4,655,891,853,784","4,902,931,027,639"
재무상태표,085620,미래에셋생명,유가증권시장상장법인,651,보험업,KRW,         자산총계,"33,092,023,489,392","35,041,511,155,617","39,926,712,843,841"
재무상태표,085620,미래에셋생명,유가증권시장상장법인,651,보험업,KRW,         현금및현금성자산,"1,240,190,271,130","941,898,940,385","541,772,122,967"
재무상태표,085620,미래에셋생명,유가증권시장상장법인,651,보험업,KRW,         당기법인세자산,"53,376,079,207","48,679,087,774","44,175,149,170"
재무상태표,085620,미래에셋생명,유가증권시장상장법인,651,보험업,KRW,         파생상품자산,"202,094,722,137","166,856,779,476","15,276,798,386"
재무상태표,085620,미래에셋생명,유가증권시장상장법인,651,보험업,KRW,            위험회피목적파생상품자산,"202,094,722,137","166,856,779,476","15,276,798,386"
재무상태표,085620,미래에셋생명,유가증권시장상장법인,651,보험업,KRW,         무형자산,"39,871,623,459","40,883,601,498","46,726,461,313"
재무상태표,085620,미래에셋생명,유가증권시장상장법인,651,보험업,KRW,         관계종속기업투자자산-지분법,"78,659,010,817","68,996,458,373","70,596,231,770"
재무상태표,085620,미래에셋생명,유가증권시장상장법인,651,보험업,KRW,         투자부동산,0,"42,647,263,318","36,726,000,517"
재무상태표,085620,미래에셋생명,유가증권시장상장법인,651,보험업,KRW,         기타자산,"14,925,172,223","17,615,290,959","12,239,726,575"
재무상태표,085620,미래에셋생명,유가증권시장상장법인,651,보험업,KRW,         유형자산,"80,370,414,417","84,068,238,540","86,132,368,235"
재무상태표,085620,미래에셋생명,유가증권시장상장법인,651,보험업,KRW,         재보험계약자산,"24,241,130,941","21,072,555,054","13,879,878,625"
재무상태표,085620,미래에셋생명,유가증권시장상장법인,651,보험업,KRW,         사용권자산,"9,272,420,073","14,984,645,647","27,926,350,073"
재무상태표,085620,미래에셋생명,유가증권시장상장법인,651,보험업,KRW,            자본총계,"2,910,747,636,564","4,086,946,927,729","2,678,305,586,719"
재무상태표,085620,미래에셋생명,유가증권시장상장법인,651,보험업,KRW,            지배주주지분,"2,910,747,636,564","4,086,946,927,729","2,678,305,586,719"
재무상태표,085620,미래에셋생명,유가증권시장상장법인,651,보험업,KRW,               자본조정,"-371,276,252,895","-371,276,252,895","-371,633,476,625"
재무상태표,085620,미래에셋생명,유가증권시장상장법인,651,보험업,KRW,               자본잉여금,"181,384,483,840","181,384,483,840","181,384,483,840"
재무상태표,085620,미래에셋생명,유가증권시장상장법인,651,보험업,KRW,               기타포괄손익누계액,"407,552,908,661","1,599,813,199,674","303,465,099,977"
재무상태표,085620,미래에셋생명,유가증권시장상장법인,651,보험업,KRW,               자본금,"990,714,745,000","990,714,745,000","990,714,745,000"
재무상태표,085620,미래에셋생명,유가증권시장상장법인,651,보험업,KRW,               이익잉여금(결손금),"1,702,371,751,958","1,686,310,752,110","1,574,374,734,527"
재무상태표,085620,미래에셋생명,유가증권시장상장법인,651,보험업,KRW,                  대손준비금 기적립액,"40,811,810,317","41,781,724,605","38,478,141,385"
재무상태표,085620,미래에셋생명,유가증권시장상장법인,651,보험업,KRW,                  대손준비금 적립(환입)예정액,"-1,191,189,451","-969,914,288","3,303,583,220"
재무상태표,085620,미래에셋생명,유가증권시장상장법인,651,보험업,KRW,         자본과부채총계,"33,092,023,489,392","35,041,511,155,617","39,926,712,843,841"
재무상태표,085620,미래에셋생명,유가증권시장상장법인,651,보험업,KRW,            계약자지분조정,"106,019","-144,401,209","29,371,437,109"
재무상태표,085620,미래에셋생명,유가증권시장상장법인,651,보험업,KRW,            차입부채,"549,320,998,560","998,790,460,788","498,636,451,067"
재무상태표,085620,미래에셋생명,유가증권시장상장법인,651,보험업,KRW,               사채,"299,320,998,560","498,790,460,788","498,636,451,067"
재무상태표,085620,미래에셋생명,유가증권시장상장법인,651,보험업,KRW,            당기법인세부채,0,"356,671,636","113,453,169"
재무상태표,085620,미래에셋생명,유가증권시장상장법인,651,보험업,KRW,            이연법인세부채,"352,202,897,538","676,666,881,794","283,344,340,692"
재무상태표,085620,미래에셋생명,유가증권시장상장법인,651,보험업,KRW,            파생상품부채,"28,034,775,545","211,569,598,601","125,500,190,412"
재무상태표,085620,미래에셋생명,유가증권시장상장법인,651,보험업,KRW,               위험회피목적파생상품부채,"28,034,775,545","211,569,598,601","125,500,190,412"
재무상태표,085620,미래에셋생명,유가증권시장상장법인,651,보험업,KRW,            보험계약부채,"25,782,954,737,248","24,226,619,514,446","29,810,490,241,015"
재무상태표,085620,미래에셋생명,유가증권시장상장법인,651,보험업,KRW,            투자계약부채,"3,175,249,446,237","4,625,374,776,830","6,216,773,467,323"
재무상태표,085620,미래에셋생명,유가증권시장상장법인,651,보험업,KRW,            리스부채,"7,751,437,101","13,225,666,843","24,910,144,094"
재무상태표,085620,미래에셋생명,유가증권시장상장법인,651,보험업,KRW,            부채총계,"30,181,275,852,828","30,954,564,227,888","37,248,407,257,122"
재무상태표,085620,미래에셋생명,유가증권시장상장법인,651,보험업,KRW,            기타부채,"269,594,841,283","191,974,337,291","241,949,099,963"
재무상태표,085620,미래에셋생명,유가증권시장상장법인,651,보험업,KRW,            충당부채,"4,032,180,003","2,805,409,778","2,955,049,111"
재무상태표,085620,미래에셋생명,유가증권시장상장법인,651,보험업,KRW,            순확정급여부채,"11,286,506,685","5,335,376,812","10,921,654,470"
재무상태표,085620,미래에셋생명,유가증권시장상장법인,651,보험업,KRW,            재보험계약부채,"847,926,609","1,989,934,278","3,441,728,697"
재무상태표,032830,삼성생명,유가증권시장상장법인,651,보험업,KRW,         금융리스채권,"50,773,000,000","75,269,000,000","108,469,000,000"
재무상태표,032830,삼성생명,유가증권시장상장법인,651,보험업,KRW,         대출채권및기타수취채권,0,"85,530,142,000,000","84,652,708,000,000"
재무상태표,032830,삼성생명,유가증권시장상장법인,651,보험업,KRW,         당기손익인식금융자산,0,"27,741,179,000,000","4,356,305,000,000"
재무상태표,032830,삼성생명,유가증권시장상장법인,651,보험업,KRW,         만기보유금융자산,0,"101,790,973,000,000","276,322,000,000"
재무상태표,032830,삼성생명,유가증권시장상장법인,651,보험업,KRW,         매도가능금융자산,0,"60,912,261,000,000","178,991,324,000,000"
재무상태표,032830,삼성생명,유가증권시장상장법인,651,보험업,KRW,         특별계정자산_IFRS4,0,0,"55,247,540,000,000"
재무상태표,032830,삼성생명,유가증권시장상장법인,651,보험업,KRW,         자산총계,"314,655,050,000,000","296,234,163,000,000","341,382,574,000,000"
재무상태표,032830,삼성생명,유가증권시장상장법인,651,보험업,KRW,         현금및현금성자산,"5,494,179,000,000","8,862,080,000,000","4,375,862,000,000"
재무상태표,032830,삼성생명,유가증권시장상장법인,651,보험업,KRW,         당기법인세자산,"521,555,000,000","2,721,000,000","249,186,000,000"
재무상태표,032830,삼성생명,유가증권시장상장법인,651,보험업,KRW,         이연법인세자산,"68,686,000,000","8,884,000,000","1,251,000,000"
재무상태표,032830,삼성생명,유가증권시장상장법인,651,보험업,KRW,         파생상품자산,"1,061,971,000,000","980,546,000,000","268,273,000,000"
재무상태표,032830,삼성생명,유가증권시장상장법인,651,보험업,KRW,         상각후원가측정금융자산,"82,774,703,000,000",0,0
재무상태표,032830,삼성생명,유가증권시장상장법인,651,보험업,KRW,         기타포괄손익-공정가치측정금융자산,"167,664,679,000,000",0,0
재무상태표,032830,삼성생명,유가증권시장상장법인,651,보험업,KRW,         당기손익공정가치측정금융자산,"44,552,170,000,000",0,0
재무상태표,032830,삼성생명,유가증권시장상장법인,651,보험업,KRW,         보험계약자산,0,"19,373,000,000",0
재무상태표,032830,삼성생명,유가증권시장상장법인,651,보험업,KRW,         무형자산,"569,594,000,000","562,661,000,000","596,189,000,000"
재무상태표,032830,삼성생명,유가증권시장상장법인,651,보험업,KRW,         관계기업투자,"2,488,597,000,000","1,883,643,000,000","1,907,385,000,000"
재무상태표,032830,삼성생명,유가증권시장상장법인,651,보험업,KRW,         투자부동산,"6,549,467,000,000","5,812,008,000,000","6,076,134,000,000"
재무상태표,032830,삼성생명,유가증권시장상장법인,651,보험업,KRW,         매각예정자산,0,"16,384,000,000","16,482,000,000"
재무상태표,032830,삼성생명,유가증권시장상장법인,651,보험업,KRW,         기타자산,"720,134,000,000","749,532,000,000","3,416,453,000,000"
재무상태표,032830,삼성생명,유가증권시장상장법인,651,보험업,KRW,         유형자산,"439,982,000,000","476,534,000,000","626,122,000,000"
재무상태표,032830,삼성생명,유가증권시장상장법인,651,보험업,KRW,         순확정급여자산,"89,824,000,000","110,263,000,000","486,000,000"
재무상태표,032830,삼성생명,유가증권시장상장법인,651,보험업,KRW,         재보험계약자산,"1,377,775,000,000","443,719,000,000",0
재무상태표,032830,삼성생명,유가증권시장상장법인,651,보험업,KRW,         사용권자산,"230,961,000,000","255,991,000,000","216,083,000,000"
재무상태표,032830,삼성생명,유가증권시장상장법인,651,보험업,KRW,            자본총계,"44,337,441,000,000","41,562,020,000,000","39,625,367,000,000"
재무상태표,032830,삼성생명,유가증권시장상장법인,651,보험업,KRW,            지배주주지분,"42,437,828,000,000","39,675,314,000,000","37,812,300,000,000"
재무상태표,032830,삼성생명,유가증권시장상장법인,651,보험업,KRW,               자본조정,"-2,116,955,000,000","-2,116,955,000,000","-2,116,955,000,000"
재무상태표,032830,삼성생명,유가증권시장상장법인,651,보험업,KRW,               자본잉여금,"125,115,000,000","125,115,000,000","125,115,000,000"
재무상태표,032830,삼성생명,유가증권시장상장법인,651,보험업,KRW,               기타포괄손익누계액,"26,351,582,000,000","24,654,450,000,000","21,860,319,000,000"
재무상태표,032830,삼성생명,유가증권시장상장법인,651,보험업,KRW,               자본금,"100,000,000,000","100,000,000,000","100,000,000,000"
재무상태표,032830,삼성생명,유가증권시장상장법인,651,보험업,KRW,               이익잉여금(결손금),"17,978,086,000,000","16,912,704,000,000","17,843,821,000,000"
재무상태표,032830,삼성생명,유가증권시장상장법인,651,보험업,KRW,            비지배지분,"1,899,613,000,000","1,886,706,000,000","1,813,067,000,000"
재무상태표,032830,삼성생명,유가증권시장상장법인,651,보험업,KRW,         자본과부채총계,"314,655,050,000,000","296,234,163,000,000","341,382,574,000,000"
재무상태표,032830,삼성생명,유가증권시장상장법인,651,보험업,KRW,            계약자지분조정,"10,510,668,000,000","5,328,858,000,000","12,996,634,000,000"
재무상태표,032830,삼성생명,유가증권시장상장법인,651,보험업,KRW,            당기손익인식금융부채,0,0,0
재무상태표,032830,삼성생명,유가증권시장상장법인,651,보험업,KRW,            기타금융부채,0,"8,021,312,000,000","6,047,544,000,000"
재무상태표,032830,삼성생명,유가증권시장상장법인,651,보험업,KRW,            특별계정부채_IFRS4,0,0,"57,734,261,000,000"
재무상태표,032830,삼성생명,유가증권시장상장법인,651,보험업,KRW,            차입부채,"19,617,536,000,000","20,182,899,000,000","18,108,843,000,000"
재무상태표,032830,삼성생명,유가증권시장상장법인,651,보험업,KRW,            당기법인세부채,"122,161,000,000","991,417,000,000","183,012,000,000"
재무상태표,032830,삼성생명,유가증권시장상장법인,651,보험업,KRW,            이연법인세부채,"7,207,328,000,000","6,356,386,000,000","8,280,452,000,000"
재무상태표,032830,삼성생명,유가증권시장상장법인,651,보험업,KRW,            파생상품부채,"2,147,926,000,000","2,666,949,000,000","1,229,736,000,000"
재무상태표,032830,삼성생명,유가증권시장상장법인,651,보험업,KRW,            상각후원가측정금융부채,"8,466,432,000,000",0,0
재무상태표,032830,삼성생명,유가증권시장상장법인,651,보험업,KRW,            보험계약부채,"190,261,117,000,000","179,989,046,000,000","195,080,112,000,000"
재무상태표,032830,삼성생명,유가증권시장상장법인,651,보험업,KRW,            투자계약부채,"29,307,958,000,000","28,621,939,000,000",0
재무상태표,032830,삼성생명,유가증권시장상장법인,651,보험업,KRW,            리스부채,"254,213,000,000","288,243,000,000","209,395,000,000"
재무상태표,032830,삼성생명,유가증권시장상장법인,651,보험업,KRW,            부채총계,"270,317,609,000,000","254,672,143,000,000","301,757,207,000,000"
재무상태표,032830,삼성생명,유가증권시장상장법인,651,보험업,KRW,            기타부채,"906,914,000,000","843,642,000,000","1,022,958,000,000"
재무상태표,032830,삼성생명,유가증권시장상장법인,651,보험업,KRW,            충당부채,"798,598,000,000","791,444,000,000","672,763,000,000"
재무상태표,032830,삼성생명,유가증권시장상장법인,651,보험업,KRW,            순확정급여부채,"195,972,000,000","157,106,000,000","191,497,000,000"
재무상태표,032830,삼성생명,유가증권시장상장법인,651,보험업,KRW,            재보험계약부채,"520,786,000,000","432,902,000,000",0
재무상태표,000810,삼성화재해상보험,유가증권시장상장법인,651,보험업,KRW,         현금및예치금,"1,741,176,013,308","1,519,118,624,646","1,733,734,341,558"
재무상태표,000810,삼성화재해상보험,유가증권시장상장법인,651,보험업,KRW,         상각후원가측정대출채권,"27,822,027,734,369",0,0
재무상태표,000810,삼성화재해상보험,유가증권시장상장법인,651,보험업,KRW,         상각후원가측정기타수취채권,"838,545,271,660",0,0
재무상태표,000810,삼성화재해상보험,유가증권시장상장법인,651,보험업,KRW,         상각후원가측정유가증권,"1,721,733,611,389",0,0
재무상태표,000810,삼성화재해상보험,유가증권시장상장법인,651,보험업,KRW,         매각예정비유동자산,0,0,"629,751,654,602"
재무상태표,000810,삼성화재해상보험,유가증권시장상장법인,651,보험업,KRW,         기타수취채권,0,"828,438,845,970","1,312,886,311,915"
재무상태표,000810,삼성화재해상보험,유가증권시장상장법인,651,보험업,KRW,         특별계정자산,0,0,"10,944,892,504,836"
재무상태표,000810,삼성화재해상보험,유가증권시장상장법인,651,보험업,KRW,         당기손익인식금융자산,0,"3,076,783,053,814","1,989,586,385,800"
재무상태표,000810,삼성화재해상보험,유가증권시장상장법인,651,보험업,KRW,         대출채권,0,"26,748,867,157,104","27,245,717,119,885"
재무상태표,000810,삼성화재해상보험,유가증권시장상장법인,651,보험업,KRW,         자산총계,"85,019,029,989,421","80,796,010,435,039","94,934,011,110,452"
재무상태표,000810,삼성화재해상보험,유가증권시장상장법인,651,보험업,KRW,         당기법인세자산,"135,903,060","2,329,409,939","1,060,657,624"
재무상태표,000810,삼성화재해상보험,유가증권시장상장법인,651,보험업,KRW,         이연법인세자산,"15,594,457,599","6,181,809,654","40,523,724,369"
재무상태표,000810,삼성화재해상보험,유가증권시장상장법인,651,보험업,KRW,         파생상품자산,"129,293,692,723","172,626,810,546","23,528,420,742"
재무상태표,000810,삼성화재해상보험,유가증권시장상장법인,651,보험업,KRW,         기타포괄손익-공정가치측정금융자산,"37,733,033,569,686",0,0
재무상태표,000810,삼성화재해상보험,유가증권시장상장법인,651,보험업,KRW,         당기손익-공정가치측정금융자산,"10,351,505,449,649",0,0
재무상태표,000810,삼성화재해상보험,유가증권시장상장법인,651,보험업,KRW,         매도가능금융자산,0,"36,995,024,135,306","44,912,034,859,785"
재무상태표,000810,삼성화재해상보험,유가증권시장상장법인,651,보험업,KRW,         만기보유금융자산,0,"6,699,782,296,358","175,638,129,035"
재무상태표,000810,삼성화재해상보험,유가증권시장상장법인,651,보험업,KRW,         보험계약자산,"2,660,233","92,337,482",0
재무상태표,000810,삼성화재해상보험,유가증권시장상장법인,651,보험업,KRW,         무형자산,"265,280,989,359","246,635,349,668","224,304,003,426"
재무상태표,000810,삼성화재해상보험,유가증권시장상장법인,651,보험업,KRW,         관계기업투자,"604,619,443,743","567,459,050,851","287,860,458,102"
재무상태표,000810,삼성화재해상보험,유가증권시장상장법인,651,보험업,KRW,         투자부동산,"1,227,113,241,267","1,242,328,693,773","919,737,714,879"
재무상태표,000810,삼성화재해상보험,유가증권시장상장법인,651,보험업,KRW,         기타자산,"88,002,230,220","88,338,779,488","2,470,114,414,080"
재무상태표,000810,삼성화재해상보험,유가증권시장상장법인,651,보험업,KRW,         유형자산,"613,906,903,728","600,327,496,550","791,132,418,675"
재무상태표,000810,삼성화재해상보험,유가증권시장상장법인,651,보험업,KRW,         순확정급여자산,"137,145,937,753","203,506,295,942","77,670,948,436"
재무상태표,000810,삼성화재해상보험,유가증권시장상장법인,651,보험업,KRW,         재보험계약자산,"1,576,478,336,230","1,627,353,799,851","1,153,837,042,703"
재무상태표,000810,삼성화재해상보험,유가증권시장상장법인,651,보험업,KRW,         리스사용권자산,"153,434,543,445","170,816,488,097",0
재무상태표,000810,삼성화재해상보험,유가증권시장상장법인,651,보험업,KRW,            자본총계,"16,144,398,281,437","12,523,472,714,851","15,492,331,780,717"
재무상태표,000810,삼성화재해상보험,유가증권시장상장법인,651,보험업,KRW,            지배기업지분,"16,114,211,783,285","12,495,527,784,838","15,467,008,869,690"
재무상태표,000810,삼성화재해상보험,유가증권시장상장법인,651,보험업,KRW,               연결자본조정,"-1,487,219,924,864","-1,487,219,924,864","-1,487,219,924,864"
재무상태표,000810,삼성화재해상보험,유가증권시장상장법인,651,보험업,KRW,               연결자본잉여금,"939,233,350,327","939,233,350,327","939,233,350,327"
재무상태표,000810,삼성화재해상보험,유가증권시장상장법인,651,보험업,KRW,               연결기타포괄손익누계액,"4,356,547,263,208","1,971,563,588,820","5,717,828,814,082"
재무상태표,000810,삼성화재해상보험,유가증권시장상장법인,651,보험업,KRW,               자본금,"26,473,418,500","26,473,418,500","26,473,418,500"
재무상태표,000810,삼성화재해상보험,유가증권시장상장법인,651,보험업,KRW,               연결이익잉여금,"12,279,177,676,114","11,045,477,352,055","10,270,693,211,645"
재무상태표,000810,삼성화재해상보험,유가증권시장상장법인,651,보험업,KRW,                  비상위험준비금 기적립액,"2,572,265,386,862",0,0
재무상태표,000810,삼성화재해상보험,유가증권시장상장법인,651,보험업,KRW,                  비상위험준비금 적립예정액,"97,132,670,661",0,0
재무상태표,000810,삼성화재해상보험,유가증권시장상장법인,651,보험업,KRW,                  대손준비금 기적립액,"247,412,854,764",0,0
재무상태표,000810,삼성화재해상보험,유가증권시장상장법인,651,보험업,KRW,                  대손준비금 환입예정액,"78,169,962,883",0,0
재무상태표,000810,삼성화재해상보험,유가증권시장상장법인,651,보험업,KRW,                  해약환급금준비금 적립예정액,"1,180,012,136,359",0,0
재무상태표,000810,삼성화재해상보험,유가증권시장상장법인,651,보험업,KRW,            비지배지분,"30,186,498,152","27,944,930,013","25,322,911,027"
재무상태표,000810,삼성화재해상보험,유가증권시장상장법인,651,보험업,KRW,         자본과부채총계,"85,019,029,989,421","80,796,010,435,039","94,934,011,110,452"
재무상태표,000810,삼성화재해상보험,유가증권시장상장법인,651,보험업,KRW,            매각예정비유동부채,0,0,"488,450,888,434"
재무상태표,000810,삼성화재해상보험,유가증권시장상장법인,651,보험업,KRW,            특별계정부채,0,0,"12,368,448,009,828"
재무상태표,000810,삼성화재해상보험,유가증권시장상장법인,651,보험업,KRW,            당기법인세부채,"25,911,395,922","266,780,694,560","174,722,131,579"
재무상태표,000810,삼성화재해상보험,유가증권시장상장법인,651,보험업,KRW,            이연법인세부채,"2,528,918,581,667","1,231,871,240,384","2,735,203,404,157"
재무상태표,000810,삼성화재해상보험,유가증권시장상장법인,651,보험업,KRW,            파생상품부채,"343,482,972,584","273,449,808,519","229,760,951,294"
재무상태표,000810,삼성화재해상보험,유가증권시장상장법인,651,보험업,KRW,            금융부채,"13,236,155,487,685","13,853,813,515,974","1,889,758,901,294"
재무상태표,000810,삼성화재해상보험,유가증권시장상장법인,651,보험업,KRW,            보험계약부채,"51,776,856,117,331","51,737,521,733,546","60,876,109,429,118"
재무상태표,000810,삼성화재해상보험,유가증권시장상장법인,651,보험업,KRW,            리스부채,"149,108,400,334","171,528,641,479",0
재무상태표,000810,삼성화재해상보험,유가증권시장상장법인,651,보험업,KRW,            부채총계,"68,874,631,707,984","68,272,537,720,188","79,441,679,329,735"
재무상태표,000810,삼성화재해상보험,유가증권시장상장법인,651,보험업,KRW,            기타부채,"744,880,948,182","669,661,434,452","611,047,248,480"
재무상태표,000810,삼성화재해상보험,유가증권시장상장법인,651,보험업,KRW,            충당부채,"69,317,804,279","67,910,651,274","68,178,365,551"
재무상태표,000810,삼성화재해상보험,유가증권시장상장법인,651,보험업,KRW,            재보험계약부채,0,0,0
재무상태표,003690,코리안리,유가증권시장상장법인,652,재 보험업,KRW,         상각후원가측정금융자산,"3,626,015,165,027",0,0
재무상태표,003690,코리안리,유가증권시장상장법인,652,재 보험업,KRW,         기타포괄손익-공정가치측정금융자산,"2,752,818,781,888",0,0
재무상태표,003690,코리안리,유가증권시장상장법인,652,재 보험업,KRW,         당기손익-공정가치측정금융자산,"2,271,824,822,109",0,0
재무상태표,003690,코리안리,유가증권시장상장법인,652,재 보험업,KRW,                  해약환급금준비금 적립(환입)예정액,"102,014,790,420",0,0
재무상태표,003690,코리안리,유가증권시장상장법인,652,재 보험업,KRW,            당기손익-공정가치측정금융부채,"771,110,054",0,0
재무상태표,003690,코리안리,유가증권시장상장법인,652,재 보험업,KRW,         만기보유금융자산,0,"3,007,020,400,672",0
재무상태표,003690,코리안리,유가증권시장상장법인,652,재 보험업,KRW,         보험계약자산,"24,890,260,071","38,715,230,230",0
재무상태표,003690,코리안리,유가증권시장상장법인,652,재 보험업,KRW,            당기법인세부채,"2,855,998,605","42,141,857,109",0
재무상태표,003690,코리안리,유가증권시장상장법인,652,재 보험업,KRW,            충당부채,"211,898,002","118,819,096",0
재무상태표,003690,코리안리,유가증권시장상장법인,652,재 보험업,KRW,            재보험계약부채,"90,945,410,083","146,773,371,061",0
재무상태표,003690,코리안리,유가증권시장상장법인,652,재 보험업,KRW,         예치금,"377,503,556,231","328,237,293,187","214,891,740,957"
재무상태표,003690,코리안리,유가증권시장상장법인,652,재 보험업,KRW,         매도가능금융자산,0,"3,339,780,065,904","4,996,862,893,754"
재무상태표,003690,코리안리,유가증권시장상장법인,652,재 보험업,KRW,         대출채권,0,"1,039,007,871,131","1,078,539,532,253"
재무상태표,003690,코리안리,유가증권시장상장법인,652,재 보험업,KRW,         기타수취채권,"113,947,836,425","76,526,447,881","3,088,384,970,834"
재무상태표,003690,코리안리,유가증권시장상장법인,652,재 보험업,KRW,         당기손익인식금융자산,0,"127,105,308,367","227,939,613,945"
재무상태표,003690,코리안리,유가증권시장상장법인,652,재 보험업,KRW,         구상채권,0,0,"87,187,722,268"
재무상태표,003690,코리안리,유가증권시장상장법인,652,재 보험업,KRW,         자산총계,"12,066,324,170,936","11,017,223,863,261","13,115,655,264,523"
재무상태표,003690,코리안리,유가증권시장상장법인,652,재 보험업,KRW,         현금및현금성자산,"510,175,242,911","498,903,998,734","478,946,801,754"
재무상태표,003690,코리안리,유가증권시장상장법인,652,재 보험업,KRW,         당기법인세자산,"48,188,293","8,425,878","13,966,247,441"
재무상태표,003690,코리안리,유가증권시장상장법인,652,재 보험업,KRW,         이연법인세자산,"15,974,295,274","16,347,840,156","9,740,578,534"
재무상태표,003690,코리안리,유가증권시장상장법인,652,재 보험업,KRW,         파생상품자산,"33,958,073,854","28,640,707,535","150,252,088"
재무상태표,003690,코리안리,유가증권시장상장법인,652,재 보험업,KRW,            위험회피목적파생상품자산,"33,958,073,854","28,640,707,535","150,252,088"
재무상태표,003690,코리안리,유가증권시장상장법인,652,재 보험업,KRW,         무형자산,"47,623,321,004","40,032,065,498","18,153,011,087"
재무상태표,003690,코리안리,유가증권시장상장법인,652,재 보험업,KRW,         관계종속기업투자자산-지분법,"12,141,099,504","12,263,908,215","6,439,764,109"
재무상태표,003690,코리안리,유가증권시장상장법인,652,재 보험업,KRW,         투자부동산,"90,131,306,322","72,437,759,044","90,837,635,535"
재무상태표,003690,코리안리,유가증권시장상장법인,652,재 보험업,KRW,         기타자산,"35,935,083,069","27,533,656,666","53,308,352,158"
재무상태표,003690,코리안리,유가증권시장상장법인,652,재 보험업,KRW,         유형자산,"96,652,272,000","114,453,638,288","95,868,785,557"
재무상태표,003690,코리안리,유가증권시장상장법인,652,재 보험업,KRW,         재보험계약자산,"2,048,131,186,242","2,241,048,689,889","2,647,572,048,011"
재무상태표,003690,코리안리,유가증권시장상장법인,652,재 보험업,KRW,         사용권자산,"8,553,680,712","9,160,555,986","6,865,314,238"
재무상태표,003690,코리안리,유가증권시장상장법인,652,재 보험업,KRW,            자본총계,"3,252,895,729,256","2,715,629,574,160","2,525,706,025,520"
재무상태표,003690,코리안리,유가증권시장상장법인,652,재 보험업,KRW,            지배주주지분,"3,252,895,729,256","2,715,629,574,160","2,525,706,025,520"
재무상태표,003690,코리안리,유가증권시장상장법인,652,재 보험업,KRW,               자본조정,"-134,168,910,794","-134,157,294,049","-134,066,086,499"
재무상태표,003690,코리안리,유가증권시장상장법인,652,재 보험업,KRW,               자본잉여금,"153,879,266,990","166,148,330,132","176,375,241,632"
재무상태표,003690,코리안리,유가증권시장상장법인,652,재 보험업,KRW,               신종자본증권,"808,089,227,984","558,630,890,720","229,438,610,040"
재무상태표,003690,코리안리,유가증권시장상장법인,652,재 보험업,KRW,               기타포괄손익누계액,"215,499,233,841","149,591,645,371","193,709,670,283"
재무상태표,003690,코리안리,유가증권시장상장법인,652,재 보험업,KRW,               자본금,"82,683,763,000","70,411,469,500","60,184,558,000"
재무상태표,003690,코리안리,유가증권시장상장법인,652,재 보험업,KRW,               이익잉여금(결손금),"2,126,913,148,235","1,905,004,532,486","2,000,064,032,064"
재무상태표,003690,코리안리,유가증권시장상장법인,652,재 보험업,KRW,                  비상위험준비금 적립액,"1,456,296,954,191","1,476,322,880,012","1,380,512,643,168"
재무상태표,003690,코리안리,유가증권시장상장법인,652,재 보험업,KRW,                  비상위험준비금 적립(환입)예정액,"-77,748,981,785","-20,025,925,821","95,810,236,844"
재무상태표,003690,코리안리,유가증권시장상장법인,652,재 보험업,KRW,                  대손준비금 기적립액,"14,562,986,527","22,841,600,468","18,227,721,022"
재무상태표,003690,코리안리,유가증권시장상장법인,652,재 보험업,KRW,                  대손준비금 적립(환입)예정액,"7,639,271,217","-8,278,613,941","4,613,879,446"
재무상태표,003690,코리안리,유가증권시장상장법인,652,재 보험업,KRW,         자본과부채총계,"12,066,324,170,936","11,017,223,863,261","13,115,655,264,523"
재무상태표,003690,코리안리,유가증권시장상장법인,652,재 보험업,KRW,            이연법인세부채,"361,958,586,688","309,646,966,021","417,689,771,471"
재무상태표,003690,코리안리,유가증권시장상장법인,652,재 보험업,KRW,            파생상품부채,"926,258,853","1,535,716,197","19,168,422,961"
재무상태표,003690,코리안리,유가증권시장상장법인,652,재 보험업,KRW,               위험회피목적파생상품부채,"926,258,853","1,535,716,197","19,168,422,961"
재무상태표,003690,코리안리,유가증권시장상장법인,652,재 보험업,KRW,            상각후원가측정금융부채,"28,060,804,922","27,256,359,898","2,669,298,650,805"
재무상태표,003690,코리안리,유가증권시장상장법인,652,재 보험업,KRW,            보험계약부채,"8,174,698,012,554","7,661,996,349,950","7,377,619,117,975"
재무상태표,003690,코리안리,유가증권시장상장법인,652,재 보험업,KRW,            부채총계,"8,813,428,441,680","8,301,594,289,101","10,589,949,239,003"
재무상태표,003690,코리안리,유가증권시장상장법인,652,재 보험업,KRW,            기타부채,"119,678,752,135","84,855,393,732","75,680,004,787"
재무상태표,003690,코리안리,유가증권시장상장법인,652,재 보험업,KRW,            순확정급여부채,"33,321,609,784","27,269,456,037","30,493,271,004"
재무상태표,088350,한화생명,유가증권시장상장법인,651,보험업,KRW,         예치금,0,0,"1,263,131,548,482"
재무상태표,088350,한화생명,유가증권시장상장법인,651,보험업,KRW,         매도가능유가증권,0,"42,903,393,854,753","75,750,100,062,099"
재무상태표,088350,한화생명,유가증권시장상장법인,651,보험업,KRW,         기타금융자산,0,"4,033,479,550,389","2,571,857,011,253"
재무상태표,088350,한화생명,유가증권시장상장법인,651,보험업,KRW,         당기손익인식유가증권,0,"30,982,860,011,448","15,393,214,070,128"
재무상태표,088350,한화생명,유가증권시장상장법인,651,보험업,KRW,         특별계정자산,0,0,"26,181,482,454,112"
재무상태표,088350,한화생명,유가증권시장상장법인,651,보험업,KRW,         만기보유유가증권,0,"31,896,062,013,243",0
재무상태표,088350,한화생명,유가증권시장상장법인,651,보험업,KRW,         대출채권,0,"25,960,034,438,817","31,406,446,048,053"
재무상태표,088350,한화생명,유가증권시장상장법인,651,보험업,KRW,         자산총계,"147,901,842,899,949","146,310,480,564,015","163,591,373,127,331"
재무상태표,088350,한화생명,유가증권시장상장법인,651,보험업,KRW,         현금및현금성자산,"3,670,919,427,827","2,902,135,448,284","1,336,123,701,794"
재무상태표,088350,한화생명,유가증권시장상장법인,651,보험업,KRW,         당기법인세자산,"312,625,379,666","236,492,112,973","16,887,406,268"
재무상태표,088350,한화생명,유가증권시장상장법인,651,보험업,KRW,         이연법인세자산,"52,789,166,278","22,700,355,256","138,927,518,553"
재무상태표,088350,한화생명,유가증권시장상장법인,651,보험업,KRW,         파생상품자산,"853,851,829,986","1,007,942,283,352","181,065,508,607"
재무상태표,088350,한화생명,유가증권시장상장법인,651,보험업,KRW,         상각후원가측정금융자산,"38,643,052,002,624",0,0
재무상태표,088350,한화생명,유가증권시장상장법인,651,보험업,KRW,            상각후원가측정대출채권,"22,527,081,613,636",0,0
재무상태표,088350,한화생명,유가증권시장상장법인,651,보험업,KRW,            상각후원가측정기타금융자산,"4,154,770,147,972",0,0
재무상태표,088350,한화생명,유가증권시장상장법인,651,보험업,KRW,            상각후원가측정유가증권,"11,961,200,241,016",0,0
재무상태표,088350,한화생명,유가증권시장상장법인,651,보험업,KRW,         기타포괄손익-공정가치측정금융자산,"50,060,803,617,149",0,0
재무상태표,088350,한화생명,유가증권시장상장법인,651,보험업,KRW,         당기손익-공정가치측정금융자산,"47,621,918,680,421",0,0
재무상태표,088350,한화생명,유가증권시장상장법인,651,보험업,KRW,         보험계약자산,"41,154,820","10,444,979,941",0
재무상태표,088350,한화생명,유가증권시장상장법인,651,보험업,KRW,         무형자산,"623,097,374,005","325,546,766,430","1,161,794,729,364"
재무상태표,088350,한화생명,유가증권시장상장법인,651,보험업,KRW,         관계종속기업투자자산-지분법,"602,098,682,498","537,516,485,613","367,916,057,187"
재무상태표,088350,한화생명,유가증권시장상장법인,651,보험업,KRW,         투자부동산,"2,587,129,932,684","2,701,400,823,979","2,497,974,077,428"
재무상태표,088350,한화생명,유가증권시장상장법인,651,보험업,KRW,         매각예정자산,"4,928,158,952",0,0
재무상태표,088350,한화생명,유가증권시장상장법인,651,보험업,KRW,         기타자산,"264,744,188,374","122,833,484,284","3,289,958,225,995"
재무상태표,088350,한화생명,유가증권시장상장법인,651,보험업,KRW,         유형자산,"1,615,294,281,279","1,633,756,720,821","1,884,292,428,228"
재무상태표,088350,한화생명,유가증권시장상장법인,651,보험업,KRW,         순확정급여자산,"58,699,378,296","35,721,694,704","25,369,066,995"
재무상태표,088350,한화생명,유가증권시장상장법인,651,보험업,KRW,         재보험계약자산,"723,298,979,041","827,782,027,506",0
재무상태표,088350,한화생명,유가증권시장상장법인,651,보험업,KRW,         사용권자산,"206,550,666,049","170,377,512,222","124,833,212,785"
재무상태표,088350,한화생명,유가증권시장상장법인,651,보험업,KRW,            자본총계,"15,475,087,526,211","19,694,680,831,182","13,419,581,014,660"
재무상태표,088350,한화생명,유가증권시장상장법인,651,보험업,KRW,            지배주주지분,"13,038,171,149,193","17,372,003,767,953","11,273,848,331,954"
재무상태표,088350,한화생명,유가증권시장상장법인,651,보험업,KRW,               기타자본구성요소,"926,721,030,156","3,647,165,535,081","244,554,628,930"
재무상태표,088350,한화생명,유가증권시장상장법인,651,보험업,KRW,               신종자본증권,"498,343,801,550","1,558,370,079,138","2,056,343,999,076"
재무상태표,088350,한화생명,유가증권시장상장법인,651,보험업,KRW,               기타불입자본,"-339,314,502,427","-105,190,382,703","-452,754,777,309"
재무상태표,088350,한화생명,유가증권시장상장법인,651,보험업,KRW,               자본금,"4,342,650,000,000","4,342,650,000,000","4,342,650,000,000"
재무상태표,088350,한화생명,유가증권시장상장법인,651,보험업,KRW,               이익잉여금,"7,609,770,819,914","7,929,008,536,437","5,083,054,481,257"
재무상태표,088350,한화생명,유가증권시장상장법인,651,보험업,KRW,            비지배지분,"2,436,916,377,018","2,322,677,063,229","2,145,732,682,706"
재무상태표,088350,한화생명,유가증권시장상장법인,651,보험업,KRW,         자본과 부채 총계,"147,901,842,899,949","146,310,480,564,015","163,591,373,127,331"
재무상태표,088350,한화생명,유가증권시장상장법인,651,보험업,KRW,            계약자지분조정,"35,597,570,662","17,888,454,610","348,385,730,949"
재무상태표,088350,한화생명,유가증권시장상장법인,651,보험업,KRW,            특별계정부채,0,0,"26,746,305,789,455"
재무상태표,088350,한화생명,유가증권시장상장법인,651,보험업,KRW,            당기손익인식금융부채,0,"2,769,309,754,587","1,356,665,829,342"
재무상태표,088350,한화생명,유가증권시장상장법인,651,보험업,KRW,            차입부채,"10,982,132,757,560","9,848,429,543,178","6,987,337,243,747"
재무상태표,088350,한화생명,유가증권시장상장법인,651,보험업,KRW,            당기법인세부채,"6,300,914,730","128,813,603,881","65,400,735,575"
재무상태표,088350,한화생명,유가증권시장상장법인,651,보험업,KRW,            이연법인세부채,"1,361,035,995,227","2,364,019,316,401","585,246,346,252"
재무상태표,088350,한화생명,유가증권시장상장법인,651,보험업,KRW,            파생상품부채,"1,403,145,812,245","2,306,919,297,870","989,410,715,345"
재무상태표,088350,한화생명,유가증권시장상장법인,651,보험업,KRW,            당기손익-공정가치측정금융부채,"1,879,109,371,389",0,0
재무상태표,088350,한화생명,유가증권시장상장법인,651,보험업,KRW,            보험계약부채,"103,102,707,131,784","97,458,659,521,702","108,406,647,948,707"
재무상태표,088350,한화생명,유가증권시장상장법인,651,보험업,KRW,            투자계약부채,"8,821,899,436,247","8,187,640,447,941",0
재무상태표,088350,한화생명,유가증권시장상장법인,651,보험업,KRW,            부채총계,"132,426,755,373,738","126,615,799,732,833","150,171,792,112,671"
재무상태표,088350,한화생명,유가증권시장상장법인,651,보험업,KRW,            기타금융부채,"4,158,114,408,153","3,041,930,132,245","4,075,086,831,812"
재무상태표,088350,한화생명,유가증권시장상장법인,651,보험업,KRW,            기타부채,"181,880,235,720","73,145,048,783","233,646,430,078"
재무상태표,088350,한화생명,유가증권시장상장법인,651,보험업,KRW,            충당부채,"122,265,775,290","125,570,590,132","89,667,427,257"
재무상태표,088350,한화생명,유가증권시장상장법인,651,보험업,KRW,            순확정급여부채,"318,667,794,421","256,223,856,643","287,991,084,152"
재무상태표,088350,한화생명,유가증권시장상장법인,651,보험업,KRW,            재보험계약부채,"53,898,170,310","37,250,164,860",0
재무상태표,000370,한화손해보험,유가증권시장상장법인,651,보험업,KRW,         기타금융자산,0,0,"526,872,090,241"
재무상태표,000370,한화손해보험,유가증권시장상장법인,651,보험업,KRW,         예치금,0,0,"161,777,851,226"
재무상태표,000370,한화손해보험,유가증권시장상장법인,651,보험업,KRW,         유가증권,0,0,"12,296,949,444,757"
재무상태표,000370,한화손해보험,유가증권시장상장법인,651,보험업,KRW,         대출채권,0,0,"4,816,355,715,078"
재무상태표,000370,한화손해보험,유가증권시장상장법인,651,보험업,KRW,         특별계정자산,0,0,"4,228,382,453"
재무상태표,000370,한화손해보험,유가증권시장상장법인,651,보험업,KRW,         자산총계,"18,115,263,746,011","17,173,511,589,408","20,284,988,079,286"
재무상태표,000370,한화손해보험,유가증권시장상장법인,651,보험업,KRW,         현금및현금성자산,"379,524,701,921","213,143,730,761","197,512,288,072"
재무상태표,000370,한화손해보험,유가증권시장상장법인,651,보험업,KRW,         당기법인세자산,"62,262,894,948",0,"7,025,858,289"
재무상태표,000370,한화손해보험,유가증권시장상장법인,651,보험업,KRW,         파생상품자산,"76,144,935,315","39,596,374,248","8,896,434,925"
재무상태표,000370,한화손해보험,유가증권시장상장법인,651,보험업,KRW,         상각후원가측정금융자산,"1,687,713,601,503","2,997,546,264,369",0
재무상태표,000370,한화손해보험,유가증권시장상장법인,651,보험업,KRW,         기타포괄손익-공정가치측정금융자산,"9,988,442,769,250","7,532,710,483,188",0
재무상태표,000370,한화손해보험,유가증권시장상장법인,651,보험업,KRW,         당기손익-공정가치측정금융자산,"4,904,557,432,922","5,168,329,920,998",0
재무상태표,000370,한화손해보험,유가증권시장상장법인,651,보험업,KRW,         보험계약자산,"15,621,952","10,370,580,963",0
재무상태표,000370,한화손해보험,유가증권시장상장법인,651,보험업,KRW,         무형자산,"59,693,596,383","61,573,668,605","66,791,477,228"
재무상태표,000370,한화손해보험,유가증권시장상장법인,651,보험업,KRW,         관계종속기업투자자산-지분법,"37,805,969,128","15,715,232,238","19,375,801,857"
재무상태표,000370,한화손해보험,유가증권시장상장법인,651,보험업,KRW,         투자부동산,"20,005,459,467","20,493,849,594","187,939,629,877"
재무상태표,000370,한화손해보험,유가증권시장상장법인,651,보험업,KRW,         기타자산,"16,230,937,039","12,716,986,596","1,472,416,276,735"
재무상태표,000370,한화손해보험,유가증권시장상장법인,651,보험업,KRW,         유형자산,"282,372,583,756","281,785,854,938","476,003,019,476"
재무상태표,000370,한화손해보험,유가증권시장상장법인,651,보험업,KRW,         순확정급여자산,"28,854,767,542","35,735,191,675","1,912,645,150"
재무상태표,000370,한화손해보험,유가증권시장상장법인,651,보험업,KRW,         재보험계약자산,"463,419,919,772","668,607,211,334",0
재무상태표,000370,한화손해보험,유가증권시장상장법인,651,보험업,KRW,         사용권자산,"108,218,555,113","115,186,239,901","40,931,163,922"
재무상태표,000370,한화손해보험,유가증권시장상장법인,651,보험업,KRW,            자본총계,"3,345,779,304,103","3,231,202,089,729","1,459,583,024,339"
재무상태표,000370,한화손해보험,유가증권시장상장법인,651,보험업,KRW,            지배주주지분,"3,232,263,451,771","3,137,456,360,793","1,417,808,868,660"
재무상태표,000370,한화손해보험,유가증권시장상장법인,651,보험업,KRW,               자본조정,"-16,175,586,088","95,017,257","-1,525,001,403"
재무상태표,000370,한화손해보험,유가증권시장상장법인,651,보험업,KRW,               신종자본증권,"234,105,435,000","423,492,015,000","219,178,660,000"
재무상태표,000370,한화손해보험,유가증권시장상장법인,651,보험업,KRW,               기타포괄손익누계액,"17,884,288,219","-13,669,180,768","19,221,927,895"
재무상태표,000370,한화손해보험,유가증권시장상장법인,651,보험업,KRW,               기타불입자본,"67,379,986,572","90,184,721,875","70,390,386,596"
재무상태표,000370,한화손해보험,유가증권시장상장법인,651,보험업,KRW,               자본금,"773,694,575,000","773,694,575,000","583,694,575,000"
재무상태표,000370,한화손해보험,유가증권시장상장법인,651,보험업,KRW,               이익잉여금(결손금),"2,155,374,753,068","1,863,659,212,429","526,848,320,572"
재무상태표,000370,한화손해보험,유가증권시장상장법인,651,보험업,KRW,                  비상위험준비금 적립액,"221,709,314,627","201,519,325,522","181,069,751,234"
재무상태표,000370,한화손해보험,유가증권시장상장법인,651,보험업,KRW,                  비상위험준비금 적립(환입)예정액,"24,957,873,412","20,189,989,105","20,449,574,288"
재무상태표,000370,한화손해보험,유가증권시장상장법인,651,보험업,KRW,                  대손준비금 기적립액,"26,722,748,849","23,355,915,740","30,949,329,902"
재무상태표,000370,한화손해보험,유가증권시장상장법인,651,보험업,KRW,                  대손준비금 적립(환입)예정액,"-3,186,981,019","3,366,833,109","-7,593,414,162"
재무상태표,000370,한화손해보험,유가증권시장상장법인,651,보험업,KRW,                  해약환급금준비금 기적립액,0,0,0
재무상태표,000370,한화손해보험,유가증권시장상장법인,651,보험업,KRW,                  해약환급금준비금 적립(환입)예정액,"1,790,004,911,989",0,0
재무상태표,000370,한화손해보험,유가증권시장상장법인,651,보험업,KRW,            비지배지분,"113,515,852,332","93,745,728,936","41,774,155,679"
재무상태표,000370,한화손해보험,유가증권시장상장법인,651,보험업,KRW,         자본과부채총계,"18,115,263,746,011","17,173,511,589,408","20,284,988,079,286"
재무상태표,000370,한화손해보험,유가증권시장상장법인,651,보험업,KRW,            특별계정부채,0,0,"4,616,178,220"
재무상태표,000370,한화손해보험,유가증권시장상장법인,651,보험업,KRW,            차입부채,"249,261,479,912","726,931,627,115","477,402,942,797"
재무상태표,000370,한화손해보험,유가증권시장상장법인,651,보험업,KRW,            당기법인세부채,0,"111,963,193,810",0
재무상태표,000370,한화손해보험,유가증권시장상장법인,651,보험업,KRW,            이연법인세부채,"485,895,586,267","365,820,089,689","76,075,044,999"
재무상태표,000370,한화손해보험,유가증권시장상장법인,651,보험업,KRW,            파생상품부채,"165,637,284,392","299,350,101,277","72,631,213,239"
재무상태표,000370,한화손해보험,유가증권시장상장법인,651,보험업,KRW,            보험계약부채,"13,597,437,134,474","12,125,186,989,106","17,593,416,250,670"
재무상태표,000370,한화손해보험,유가증권시장상장법인,651,보험업,KRW,            투자계약부채,"66,744,841,855","65,883,815,955",0
재무상태표,000370,한화손해보험,유가증권시장상장법인,651,보험업,KRW,            리스부채,"106,743,676,698","116,658,849,176","40,996,145,880"
재무상태표,000370,한화손해보험,유가증권시장상장법인,651,보험업,KRW,            부채총계,"14,769,484,441,908","13,942,309,499,679","18,825,405,054,947"
재무상태표,000370,한화손해보험,유가증권시장상장법인,651,보험업,KRW,            기타금융부채,"75,119,424,882","94,464,264,840","529,883,656,003"
재무상태표,000370,한화손해보험,유가증권시장상장법인,651,보험업,KRW,            기타부채,"14,837,458,545","18,680,849,102","24,319,236,344"
재무상태표,000370,한화손해보험,유가증권시장상장법인,651,보험업,KRW,            충당부채,"7,787,859,872","7,451,860,039","6,064,386,795"
재무상태표,000370,한화손해보험,유가증권시장상장법인,651,보험업,KRW,            재보험계약부채,"19,695,011","9,917,859,570",0
재무상태표,001450,현대해상,유가증권시장상장법인,651,보험업,KRW,         특별계정자산,0,0,"4,589,708,659,089"
재무상태표,001450,현대해상,유가증권시장상장법인,651,보험업,KRW,         당기손익인식금융자산,0,"966,369,031,451","1,362,345,264,235"
재무상태표,001450,현대해상,유가증권시장상장법인,651,보험업,KRW,         매도가능금융자산,0,"14,189,215,718,241","16,296,145,069,481"
재무상태표,001450,현대해상,유가증권시장상장법인,651,보험업,KRW,         만기보유금융자산,0,"14,643,570,533,369","10,733,260,335,987"
재무상태표,001450,현대해상,유가증권시장상장법인,651,보험업,KRW,         대출채권,0,"10,590,756,357,171","12,619,636,228,427"
재무상태표,001450,현대해상,유가증권시장상장법인,651,보험업,KRW,         기타수취채권,0,"880,386,407,189","1,376,467,093,058"
재무상태표,001450,현대해상,유가증권시장상장법인,651,보험업,KRW,         자산총계,"44,087,986,399,072","46,252,595,500,839","52,818,002,945,135"
재무상태표,001450,현대해상,유가증권시장상장법인,651,보험업,KRW,         현금및현금성자산,"1,175,076,403,366","1,118,065,382,825","743,439,294,220"
재무상태표,001450,현대해상,유가증권시장상장법인,651,보험업,KRW,         당기법인세자산,"70,126,511,699","29,512,474,450","677,046,192"
재무상태표,001450,현대해상,유가증권시장상장법인,651,보험업,KRW,         이연법인세자산,0,"3,965,262,588","2,758,950,220"
재무상태표,001450,현대해상,유가증권시장상장법인,651,보험업,KRW,         파생상품자산,"169,258,648,877","221,216,873,173","20,976,043,074"
재무상태표,001450,현대해상,유가증권시장상장법인,651,보험업,KRW,            위험회피목적파생상품자산,"155,922,499,172","206,527,392,102","20,976,043,074"
재무상태표,001450,현대해상,유가증권시장상장법인,651,보험업,KRW,            단기매매 파생금융자산,"13,336,149,705","14,689,481,071",0
재무상태표,001450,현대해상,유가증권시장상장법인,651,보험업,KRW,         상각후원가측정금융자산,"11,435,751,102,679",0,0
재무상태표,001450,현대해상,유가증권시장상장법인,651,보험업,KRW,            상각후원가측정대출채권,"10,625,799,889,892",0,0
재무상태표,001450,현대해상,유가증권시장상장법인,651,보험업,KRW,            상각후원가측정기타금융자산,"809,951,212,787",0,0
재무상태표,001450,현대해상,유가증권시장상장법인,651,보험업,KRW,         기타포괄손익-공정가치측정금융자산,"19,587,834,407,775",0,0
재무상태표,001450,현대해상,유가증권시장상장법인,651,보험업,KRW,         당기손익-공정가치측정금융자산,"8,356,023,076,668",0,0
재무상태표,001450,현대해상,유가증권시장상장법인,651,보험업,KRW,            당기손익-공정가치측정기타금융자산,"88,864,166,666",0,0
재무상태표,001450,현대해상,유가증권시장상장법인,651,보험업,KRW,            당기손익-공정가치측정유가증권,"8,267,158,910,002",0,0
재무상태표,001450,현대해상,유가증권시장상장법인,651,보험업,KRW,         무형자산,"126,043,182,418","99,851,516,542","99,144,966,436"
재무상태표,001450,현대해상,유가증권시장상장법인,651,보험업,KRW,         관계기업투자주식-지분법,"138,182,880,191","134,155,171,002","135,235,294,263"
재무상태표,001450,현대해상,유가증권시장상장법인,651,보험업,KRW,         투자부동산,"627,157,700,286","638,685,236,483","525,379,169,541"
재무상태표,001450,현대해상,유가증권시장상장법인,651,보험업,KRW,         기타자산,"41,810,595,127","58,872,422,561","1,919,518,403,093"
재무상태표,001450,현대해상,유가증권시장상장법인,651,보험업,KRW,         유형자산,"1,119,942,879,565","1,124,005,102,459","1,141,049,194,023"
재무상태표,001450,현대해상,유가증권시장상장법인,651,보험업,KRW,         순확정급여자산,"62,278,881,797","75,514,871,445",0
재무상태표,001450,현대해상,유가증권시장상장법인,651,보험업,KRW,         재보험계약자산,"1,119,967,619,532","1,431,319,413,080","1,207,481,278,994"
재무상태표,001450,현대해상,유가증권시장상장법인,651,보험업,KRW,         사용권자산,"58,532,509,092","47,133,726,810","44,780,654,802"
재무상태표,001450,현대해상,유가증권시장상장법인,651,보험업,KRW,            자본총계,"6,055,391,876,258","9,508,086,230,575","5,008,010,374,958"
재무상태표,001450,현대해상,유가증권시장상장법인,651,보험업,KRW,            지배주주지분,"6,055,391,876,258","9,508,086,230,575","5,008,010,374,958"
재무상태표,001450,현대해상,유가증권시장상장법인,651,보험업,KRW,               자본조정,"-69,398,799,798","-67,686,436,939","-67,686,436,939"
재무상태표,001450,현대해상,유가증권시장상장법인,651,보험업,KRW,               자본잉여금,"113,152,050,937","113,152,050,937","113,152,050,937"
재무상태표,001450,현대해상,유가증권시장상장법인,651,보험업,KRW,               신종자본증권,0,"498,287,637,141","498,287,637,141"
재무상태표,001450,현대해상,유가증권시장상장법인,651,보험업,KRW,               기타포괄손익누계액,"-444,794,100,273","2,955,231,713,713","542,231,653,563"
재무상태표,001450,현대해상,유가증권시장상장법인,651,보험업,KRW,               자본금,"44,700,000,000","44,700,000,000","44,700,000,000"
재무상태표,001450,현대해상,유가증권시장상장법인,651,보험업,KRW,               이익잉여금(결손금),"6,411,732,725,392","5,964,401,265,723","3,877,325,470,256"
재무상태표,001450,현대해상,유가증권시장상장법인,651,보험업,KRW,                  비상위험준비금 적립액,"1,242,298,211,101","1,133,448,333,733","1,031,193,282,411"
재무상태표,001450,현대해상,유가증권시장상장법인,651,보험업,KRW,                  비상위험준비금 적립(환입)예정액,"44,241,960,863","108,849,877,368","102,255,051,322"
재무상태표,001450,현대해상,유가증권시장상장법인,651,보험업,KRW,                  대손준비금 기적립액,"117,106,564,073","104,679,481,583","78,119,272,714"
재무상태표,001450,현대해상,유가증권시장상장법인,651,보험업,KRW,                  대손준비금 적립(환입)예정액,"-28,342,340,504","12,358,452,714","26,607,791,420"
재무상태표,001450,현대해상,유가증권시장상장법인,651,보험업,KRW,                  해약환급금준비금 기적립액,0,0,0
재무상태표,001450,현대해상,유가증권시장상장법인,651,보험업,KRW,                  해약환급금준비금 적립(환입)예정액,"3,422,424,926,365",0,0
재무상태표,001450,현대해상,유가증권시장상장법인,651,보험업,KRW,            비지배지분,0,0,0
재무상태표,001450,현대해상,유가증권시장상장법인,651,보험업,KRW,         자본과부채총계,"44,087,986,399,072","46,252,595,500,839","52,818,002,945,135"
재무상태표,001450,현대해상,유가증권시장상장법인,651,보험업,KRW,            특별계정부채,0,0,"4,536,719,017,350"
재무상태표,001450,현대해상,유가증권시장상장법인,651,보험업,KRW,            상각후취득원가측정금융부채,0,"142,599,309,222","1,021,786,838,819"
재무상태표,001450,현대해상,유가증권시장상장법인,651,보험업,KRW,            차입부채,"1,085,116,976,601","1,165,115,963,927","1,297,074,534,034"
재무상태표,001450,현대해상,유가증권시장상장법인,651,보험업,KRW,               사채,"944,857,879,216","944,567,231,629","1,153,074,534,034"
재무상태표,001450,현대해상,유가증권시장상장법인,651,보험업,KRW,               기타 차입금,"140,259,097,385","220,548,732,298","144,000,000,000"
재무상태표,001450,현대해상,유가증권시장상장법인,651,보험업,KRW,            당기법인세부채,"2,571,249,546","2,726,335,428","41,851,037,235"
재무상태표,001450,현대해상,유가증권시장상장법인,651,보험업,KRW,            이연법인세부채,"1,077,354,833,007","2,130,541,042,388","534,787,788,397"
재무상태표,001450,현대해상,유가증권시장상장법인,651,보험업,KRW,            파생상품부채,"189,699,297,297","358,518,594,391","281,510,259,135"
재무상태표,001450,현대해상,유가증권시장상장법인,651,보험업,KRW,               위험회피목적파생상품부채,"185,825,437,602","355,181,218,655","263,414,121,003"
재무상태표,001450,현대해상,유가증권시장상장법인,651,보험업,KRW,               단기매매 파생금융부채,"3,873,859,695","3,337,375,736","18,096,138,132"
재무상태표,001450,현대해상,유가증권시장상장법인,651,보험업,KRW,            상각후원가측정금융부채,"134,847,598,560",0,0
재무상태표,001450,현대해상,유가증권시장상장법인,651,보험업,KRW,            보험계약부채,"31,526,302,653,447","28,613,099,683,021","39,282,142,657,422"
재무상태표,001450,현대해상,유가증권시장상장법인,651,보험업,KRW,            투자계약부채,"3,159,642,333,295","3,513,459,221,778","46,077,554,629"
재무상태표,001450,현대해상,유가증권시장상장법인,651,보험업,KRW,            리스부채,"64,615,233,246","53,596,829,233","52,636,110,785"
재무상태표,001450,현대해상,유가증권시장상장법인,651,보험업,KRW,            부채총계,"38,032,594,522,814","36,744,509,270,264","47,809,992,570,177"
재무상태표,001450,현대해상,유가증권시장상장법인,651,보험업,KRW,            기타금융부채,0,0,0
재무상태표,001450,현대해상,유가증권시장상장법인,651,보험업,KRW,            기타부채,"666,035,714,491","655,170,804,096","607,861,060,997"
재무상태표,001450,현대해상,유가증권시장상장법인,651,보험업,KRW,            충당부채,"9,608,593,375","8,092,022,730","17,172,891,496"
재무상태표,001450,현대해상,유가증권시장상장법인,651,보험업,KRW,            순확정급여부채,"116,800,039,949","100,749,854,573","90,372,819,878"
재무상태표,001450,현대해상,유가증권시장상장법인,651,보험업,KRW,            재보험계약부채,0,"839,609,477",0
