재무제표종류,종목코드,회사명,시장구분,업종,업종명,통화,항목명,당기,전기,전전기,Unnamed: 15
손익계산서,016610,DB금융투자,유가증권시장상장법인,661,금융 지원 서비스업,KRW,      영업외비용,"11,723,120,330","7,845,630,851","2,269,065,708",
손익계산서,016610,DB금융투자,유가증권시장상장법인,661,금융 지원 서비스업,KRW,      영업외수익,"6,167,316,955","2,643,389,125","3,829,279,558",
손익계산서,016610,DB금융투자,유가증권시장상장법인,661,금융 지원 서비스업,KRW,      대손준비금 반영후 조정이익(손실),"14,475,394,613","-3,210,777,226","114,132,500,721",
손익계산서,016610,DB금융투자,유가증권시장상장법인,661,금융 지원 서비스업,KRW,      총포괄손익,"136,155,016,338","25,300,424,077","139,346,332,661",
손익계산서,016610,DB금융투자,유가증권시장상장법인,661,금융 지원 서비스업,KRW,      비지배지분에 귀속되는 총포괄손익,"33,045,192,321","10,952,623,260","9,894,730,773",
손익계산서,016610,DB금융투자,유가증권시장상장법인,661,금융 지원 서비스업,KRW,      지배기업의 소유주에게 귀속되는 총포괄손익,"103,109,824,017","14,347,800,817","129,451,601,888",
손익계산서,016610,DB금융투자,유가증권시장상장법인,661,금융 지원 서비스업,KRW,         기본주당이익(손실),151,-2,"2,831",
손익계산서,016610,DB금융투자,유가증권시장상장법인,661,금융 지원 서비스업,KRW,         희석주당이익(손실),151,-2,"2,831",
손익계산서,016610,DB금융투자,유가증권시장상장법인,661,금융 지원 서비스업,KRW,      법인세비용(수익),"3,214,425,310","7,851,697,015","44,339,261,709",
손익계산서,016610,DB금융투자,유가증권시장상장법인,661,금융 지원 서비스업,KRW,      영업비용,"1,185,689,542,336","1,199,342,453,956","1,241,135,649,817",
손익계산서,016610,DB금융투자,유가증권시장상장법인,661,금융 지원 서비스업,KRW,         대출채권평가및처분손실,"54,187,402,444","14,423,596,932","5,700,577,936",
손익계산서,016610,DB금융투자,유가증권시장상장법인,661,금융 지원 서비스업,KRW,         당기손익-공정가치측정금융상품관련손실,"540,629,332,451","756,175,443,054","804,428,623,649",
손익계산서,016610,DB금융투자,유가증권시장상장법인,661,금융 지원 서비스업,KRW,         기타의영업비용,"40,440,461,635","922,998,094","2,866,871,636",
손익계산서,016610,DB금융투자,유가증권시장상장법인,661,금융 지원 서비스업,KRW,         판매비와관리비,"244,765,863,738","226,700,410,215","257,892,663,981",
손익계산서,016610,DB금융투자,유가증권시장상장법인,661,금융 지원 서비스업,KRW,         수수료비용,"29,685,656,998","36,804,696,002","47,320,994,176",
손익계산서,016610,DB금융투자,유가증권시장상장법인,661,금융 지원 서비스업,KRW,         외환거래손실,"21,837,468,082","16,503,028,649","21,008,605,174",
손익계산서,016610,DB금융투자,유가증권시장상장법인,661,금융 지원 서비스업,KRW,         이자비용,"254,143,356,988","147,812,281,010","101,917,313,265",
손익계산서,016610,DB금융투자,유가증권시장상장법인,661,금융 지원 서비스업,KRW,      기타포괄손익,"123,628,745,199","14,530,239,465","12,528,169,289",
손익계산서,016610,DB금융투자,유가증권시장상장법인,661,금융 지원 서비스업,KRW,            기타포괄손익-공정가치측정금융자산평가손익,"631,126,378",0,0,
손익계산서,016610,DB금융투자,유가증권시장상장법인,661,금융 지원 서비스업,KRW,            재평가잉여금,"117,278,993,719",0,0,
손익계산서,016610,DB금융투자,유가증권시장상장법인,661,금융 지원 서비스업,KRW,            당기손익-공정가치측정지정금융부채 신용위험변동효과,"120,736,972","553,346,944","-113,579,460",
손익계산서,016610,DB금융투자,유가증권시장상장법인,661,금융 지원 서비스업,KRW,            기타포괄손익-공정가치측정금융자산평가손익,"5,922,581,255","11,918,289,075","9,849,507,212",
손익계산서,016610,DB금융투자,유가증권시장상장법인,661,금융 지원 서비스업,KRW,            확정급여제도의재측정요소,"-324,693,125","2,058,603,446","2,792,241,537",
손익계산서,016610,DB금융투자,유가증권시장상장법인,661,금융 지원 서비스업,KRW,      당기순이익(손실),"12,526,271,139","10,770,184,612","126,818,163,372",
손익계산서,016610,DB금융투자,유가증권시장상장법인,661,금융 지원 서비스업,KRW,      비지배지분에 귀속되는 당기순이익(손실),"6,355,800,987","10,847,570,544","9,533,914,966",
손익계산서,016610,DB금융투자,유가증권시장상장법인,661,금융 지원 서비스업,KRW,      지배기업의 소유주에게 귀속되는 당기순이익(손실),"6,170,470,152","-77,385,932","117,284,248,406",
손익계산서,016610,DB금융투자,유가증권시장상장법인,661,금융 지원 서비스업,KRW,      법인세차감전순이익,"15,740,696,449","18,621,881,627","171,157,425,081",
손익계산서,016610,DB금융투자,유가증권시장상장법인,661,금융 지원 서비스업,KRW,      영업이익(손실),"21,296,499,824","23,824,123,353","169,597,211,231",
손익계산서,016610,DB금융투자,유가증권시장상장법인,661,금융 지원 서비스업,KRW,      영업수익,"1,206,986,042,160","1,223,166,577,309","1,410,732,861,048",
손익계산서,016610,DB금융투자,유가증권시장상장법인,661,금융 지원 서비스업,KRW,         대출채권평가및처분이익,"2,098,784,451","1,987,179,446",0,
손익계산서,016610,DB금융투자,유가증권시장상장법인,661,금융 지원 서비스업,KRW,         당기손익-공정가치측정금융상품관련이익,"575,342,787,359","686,201,443,333","834,847,749,466",
손익계산서,016610,DB금융투자,유가증권시장상장법인,661,금융 지원 서비스업,KRW,         기타의영업수익,"13,849,529,135","15,728,878,367","32,986,868,667",
손익계산서,016610,DB금융투자,유가증권시장상장법인,661,금융 지원 서비스업,KRW,         수수료수익,"202,545,909,346","204,239,032,922","295,478,829,083",
손익계산서,016610,DB금융투자,유가증권시장상장법인,661,금융 지원 서비스업,KRW,         외환거래이익,"24,055,815,972","22,895,203,054","28,173,446,959",
손익계산서,016610,DB금융투자,유가증권시장상장법인,661,금융 지원 서비스업,KRW,         이자수익,"389,093,215,897","292,114,840,187","219,245,966,873",
손익계산서,005940,NH투자증권,유가증권시장상장법인,661,금융 지원 서비스업,KRW,         비지배지분에 귀속되는 총포괄손익,"-3,417,000,000","-488,000,000",0,
손익계산서,005940,NH투자증권,유가증권시장상장법인,661,금융 지원 서비스업,KRW,      대손준비금 반영후 조정이익,"524,061,000,000","307,290,000,000","920,646,000,000",
손익계산서,005940,NH투자증권,유가증권시장상장법인,661,금융 지원 서비스업,KRW,      외환거래손익,"78,180,000,000","59,156,000,000","178,616,000,000",
손익계산서,005940,NH투자증권,유가증권시장상장법인,661,금융 지원 서비스업,KRW,      상각후원가측정금융상품관련순손익,"68,000,000","9,024,000,000","-3,309,000,000",
손익계산서,005940,NH투자증권,유가증권시장상장법인,661,금융 지원 서비스업,KRW,      기타포괄손익-공정가치측정금융상품관련순손익,"-15,182,000,000","-1,971,000,000","-485,000,000",
손익계산서,005940,NH투자증권,유가증권시장상장법인,661,금융 지원 서비스업,KRW,      당기손익-공정가치측정금융상품관련순손익,"-20,184,000,000","-317,893,000,000","46,341,000,000",
손익계산서,005940,NH투자증권,유가증권시장상장법인,661,금융 지원 서비스업,KRW,      영업외비용,"100,135,000,000","125,487,000,000","97,915,000,000",
손익계산서,005940,NH투자증권,유가증권시장상장법인,661,금융 지원 서비스업,KRW,      영업외수익,"95,107,000,000","44,345,000,000","106,033,000,000",
손익계산서,005940,NH투자증권,유가증권시장상장법인,661,금융 지원 서비스업,KRW,      신용손실충당금전입(환입)액,"110,013,000,000","36,144,000,000","-13,448,000,000",
손익계산서,005940,NH투자증권,유가증권시장상장법인,661,금융 지원 서비스업,KRW,      총포괄손익,"631,209,000,000","337,535,000,000","1,031,488,000,000",
손익계산서,005940,NH투자증권,유가증권시장상장법인,661,금융 지원 서비스업,KRW,         지배기업의 소유주에게 귀속되는 총포괄손익,"634,626,000,000","338,023,000,000","1,031,488,000,000",
손익계산서,005940,NH투자증권,유가증권시장상장법인,661,금융 지원 서비스업,KRW,         기본우선주당순이익,"1,638",931,"3,121",
손익계산서,005940,NH투자증권,유가증권시장상장법인,661,금융 지원 서비스업,KRW,         기본보통주당순이익,"1,588",881,"3,071",
손익계산서,005940,NH투자증권,유가증권시장상장법인,661,금융 지원 서비스업,KRW,         희석보통주당순이익,"1,588",881,"3,071",
손익계산서,005940,NH투자증권,유가증권시장상장법인,661,금융 지원 서비스업,KRW,      순수수료손익,"789,280,000,000","784,115,000,000","1,183,059,000,000",
손익계산서,005940,NH투자증권,유가증권시장상장법인,661,금융 지원 서비스업,KRW,         수수료비용,"249,803,000,000","246,767,000,000","234,538,000,000",
손익계산서,005940,NH투자증권,유가증권시장상장법인,661,금융 지원 서비스업,KRW,         수수료수익,"1,039,083,000,000","1,030,882,000,000","1,417,597,000,000",
손익계산서,005940,NH투자증권,유가증권시장상장법인,661,금융 지원 서비스업,KRW,      법인세비용,"167,681,000,000","137,287,000,000","370,599,000,000",
손익계산서,005940,NH투자증권,유가증권시장상장법인,661,금융 지원 서비스업,KRW,      순이자손익,"791,317,000,000","675,525,000,000","769,701,000,000",
손익계산서,005940,NH투자증권,유가증권시장상장법인,661,금융 지원 서비스업,KRW,         이자비용,"820,967,000,000","557,608,000,000","229,527,000,000",
손익계산서,005940,NH투자증권,유가증권시장상장법인,661,금융 지원 서비스업,KRW,         이자수익,"1,612,284,000,000","1,233,133,000,000","999,228,000,000",
손익계산서,005940,NH투자증권,유가증권시장상장법인,661,금융 지원 서비스업,KRW,            당기손익-공정가치측정금융상품,"553,845,000,000","518,916,000,000","486,464,000,000",
손익계산서,005940,NH투자증권,유가증권시장상장법인,661,금융 지원 서비스업,KRW,            유효이자율적용이자수익,"1,058,439,000,000","714,217,000,000","512,764,000,000",
손익계산서,005940,NH투자증권,유가증권시장상장법인,661,금융 지원 서비스업,KRW,      기타포괄손익,"78,161,000,000","34,606,000,000","100,024,000,000",
손익계산서,005940,NH투자증권,유가증권시장상장법인,661,금융 지원 서비스업,KRW,            기타포괄손익-공정가치측정채무상품평가손익,"100,542,000,000","-86,760,000,000","-24,366,000,000",
손익계산서,005940,NH투자증권,유가증권시장상장법인,661,금융 지원 서비스업,KRW,            해외사업환산손익,"10,990,000,000","49,677,000,000","64,423,000,000",
손익계산서,005940,NH투자증권,유가증권시장상장법인,661,금융 지원 서비스업,KRW,            비지배지분기타포괄손익,"-25,000,000","2,000,000","61,000,000",
손익계산서,005940,NH투자증권,유가증권시장상장법인,661,금융 지원 서비스업,KRW,            위험회피파생상품평가손익,"-1,015,000,000","-750,000,000","514,000,000",
손익계산서,005940,NH투자증권,유가증권시장상장법인,661,금융 지원 서비스업,KRW,            당기손익-공정가치측정지정금융부채신용위험조정,"-24,293,000,000","14,076,000,000","9,603,000,000",
손익계산서,005940,NH투자증권,유가증권시장상장법인,661,금융 지원 서비스업,KRW,            기타포괄손익-공정가치측정지분증권평가손익,"21,811,000,000","44,735,000,000","72,803,000,000",
손익계산서,005940,NH투자증권,유가증권시장상장법인,661,금융 지원 서비스업,KRW,            확정급여제도의재측정요소,"-29,849,000,000","13,626,000,000","-23,014,000,000",
손익계산서,005940,NH투자증권,유가증권시장상장법인,661,금융 지원 서비스업,KRW,      기타의영업손익,"165,011,000,000","194,621,000,000","153,199,000,000",
손익계산서,005940,NH투자증권,유가증권시장상장법인,661,금융 지원 서비스업,KRW,      당기순이익,"553,048,000,000","302,929,000,000","931,464,000,000",
손익계산서,005940,NH투자증권,유가증권시장상장법인,661,금융 지원 서비스업,KRW,      비지배지분순손실,"-3,392,000,000","-490,000,000","-62,000,000",
손익계산서,005940,NH투자증권,유가증권시장상장법인,661,금융 지원 서비스업,KRW,      지배주주지분순이익,"556,440,000,000","303,418,000,000","931,526,000,000",
손익계산서,005940,NH투자증권,유가증권시장상장법인,661,금융 지원 서비스업,KRW,      법인세차감전순이익,"720,729,000,000","440,215,000,000","1,302,063,000,000",
손익계산서,005940,NH투자증권,유가증권시장상장법인,661,금융 지원 서비스업,KRW,      영업이익,"725,757,000,000","521,357,000,000","1,293,945,000,000",
손익계산서,005940,NH투자증권,유가증권시장상장법인,661,금융 지원 서비스업,KRW,      판매와관리비,"952,720,000,000","845,076,000,000","1,046,625,000,000",
손익계산서,001510,SK증권,유가증권시장상장법인,661,금융 지원 서비스업,KRW,      금융상품관련순손익,"84,316,291,971","86,082,433,267","19,088,909,253",
손익계산서,001510,SK증권,유가증권시장상장법인,661,금융 지원 서비스업,KRW,         금융상품관련수익,"712,219,595,827","827,394,422,577","621,697,492,455",
손익계산서,001510,SK증권,유가증권시장상장법인,661,금융 지원 서비스업,KRW,            상각후원가측정금융상품관련이익,"2,675,625,015","2,560,664,050","2,665,369,404",
손익계산서,001510,SK증권,유가증권시장상장법인,661,금융 지원 서비스업,KRW,            당기손익-공정가치측정금융상품관련이익,"709,543,970,812","824,833,758,527","619,032,123,051",
손익계산서,001510,SK증권,유가증권시장상장법인,661,금융 지원 서비스업,KRW,         금융상품관련비용,"627,903,303,856","741,311,989,310","602,608,583,202",
손익계산서,001510,SK증권,유가증권시장상장법인,661,금융 지원 서비스업,KRW,            상각후원가측정금융상품관련손실,"1,007,089,191","30,188,568",0,
손익계산서,001510,SK증권,유가증권시장상장법인,661,금융 지원 서비스업,KRW,            당기손익-공정가치측정금융상품관련손실,"626,896,214,665","741,281,800,742","602,608,583,202",
손익계산서,001510,SK증권,유가증권시장상장법인,661,금융 지원 서비스업,KRW,      영업외비용,"36,894,656,437","21,707,017,759","3,309,590,520",
손익계산서,001510,SK증권,유가증권시장상장법인,661,금융 지원 서비스업,KRW,      영업외수익,"29,678,241,191","13,978,553,704","10,792,689,441",
손익계산서,001510,SK증권,유가증권시장상장법인,661,금융 지원 서비스업,KRW,      순영업손익,"262,262,474,599","286,715,070,008","340,042,328,902",
손익계산서,001510,SK증권,유가증권시장상장법인,661,금융 지원 서비스업,KRW,      신용손실충당금 전입액,"38,205,824,264","40,080,768,717","2,836,097,147",
손익계산서,001510,SK증권,유가증권시장상장법인,661,금융 지원 서비스업,KRW,      총포괄손익,"7,695,979,965","30,565,151,048","53,620,719,863",
손익계산서,001510,SK증권,유가증권시장상장법인,661,금융 지원 서비스업,KRW,         비지배지분총포괄이익,"636,507,609","-810,680,940","1,396,099,214",
손익계산서,001510,SK증권,유가증권시장상장법인,661,금융 지원 서비스업,KRW,         지배기업의소유지분총포괄이익,"7,059,472,356","31,375,831,988","52,224,620,649",
손익계산서,001510,SK증권,유가증권시장상장법인,661,금융 지원 서비스업,KRW,         보통주기본주당이익(손실),6,22,92,
손익계산서,001510,SK증권,유가증권시장상장법인,661,금융 지원 서비스업,KRW,         보통주희석주당이익(손실),6,22,92,
손익계산서,001510,SK증권,유가증권시장상장법인,661,금융 지원 서비스업,KRW,      순수수료손익,"172,874,210,756","175,007,994,644","240,164,231,694",
손익계산서,001510,SK증권,유가증권시장상장법인,661,금융 지원 서비스업,KRW,         수수료비용,"10,925,964,928","13,451,110,525","15,632,421,217",
손익계산서,001510,SK증권,유가증권시장상장법인,661,금융 지원 서비스업,KRW,         수수료수익,"183,800,175,684","188,459,105,169","255,796,652,911",
손익계산서,001510,SK증권,유가증권시장상장법인,661,금융 지원 서비스업,KRW,      법인세비용,"2,693,655,515","1,546,759,586","16,852,933,199",
손익계산서,001510,SK증권,유가증권시장상장법인,661,금융 지원 서비스업,KRW,      순이자손익,"37,339,328,164","54,692,346,914","62,633,096,299",
손익계산서,001510,SK증권,유가증권시장상장법인,661,금융 지원 서비스업,KRW,         이자비용,"167,530,346,944","115,624,199,461","40,309,978,257",
손익계산서,001510,SK증권,유가증권시장상장법인,661,금융 지원 서비스업,KRW,         이자수익,"204,869,675,108","170,316,546,375","102,943,074,556",
손익계산서,001510,SK증권,유가증권시장상장법인,661,금융 지원 서비스업,KRW,            당기손익-공정가치로 측정하는 금융자산의 이자수익,"83,190,531,562","63,130,479,847","45,746,026,880",
손익계산서,001510,SK증권,유가증권시장상장법인,661,금융 지원 서비스업,KRW,            유효이자율적용이자수익,"121,679,143,546","107,186,066,528","57,197,047,676",
손익계산서,001510,SK증권,유가증권시장상장법인,661,금융 지원 서비스업,KRW,      기타포괄손익,"4,508,193,115","21,955,941,031","12,189,063,597",
손익계산서,001510,SK증권,유가증권시장상장법인,661,금융 지원 서비스업,KRW,            해외사업환산손익,"252,388,190","1,313,381,769","997,617,917",
손익계산서,001510,SK증권,유가증권시장상장법인,661,금융 지원 서비스업,KRW,            지분법자본변동 - 후속적으로 재분류 되는 항목,"354,315,799","-147,771,430","171,754,180",
손익계산서,001510,SK증권,유가증권시장상장법인,661,금융 지원 서비스업,KRW,            당기손익-공정가치측정지정금융부채의 자기신용위험조정,"-665,942,698","832,255,334","-47,585,214",
손익계산서,001510,SK증권,유가증권시장상장법인,661,금융 지원 서비스업,KRW,            기타포괄손익-공정가치측정지분상품평가손익,"5,815,169,326","13,503,532,207","9,898,986,411",
손익계산서,001510,SK증권,유가증권시장상장법인,661,금융 지원 서비스업,KRW,            확정급여제도의재측정요소,"-1,247,737,502","6,454,543,151","1,168,290,303",
손익계산서,001510,SK증권,유가증권시장상장법인,661,금융 지원 서비스업,KRW,      기타영업손익,"-8,621,528,759","-3,305,927,080","-6,288,300,378",
손익계산서,001510,SK증권,유가증권시장상장법인,661,금융 지원 서비스업,KRW,         기타영업비용,"37,654,335,030","53,501,460,150","63,787,066,746",
손익계산서,001510,SK증권,유가증권시장상장법인,661,금융 지원 서비스업,KRW,            외화거래손실,"24,042,575,346","40,327,468,477","56,110,757,298",
손익계산서,001510,SK증권,유가증권시장상장법인,661,금융 지원 서비스업,KRW,            기타영업비용,"13,611,759,684","13,173,991,673","7,676,309,448",
손익계산서,001510,SK증권,유가증권시장상장법인,661,금융 지원 서비스업,KRW,         기타영업수익,"29,032,806,271","50,195,533,070","57,498,766,368",
손익계산서,001510,SK증권,유가증권시장상장법인,661,금융 지원 서비스업,KRW,            외화거래이익,"24,005,916,690","36,594,169,274","43,009,627,532",
손익계산서,001510,SK증권,유가증권시장상장법인,661,금융 지원 서비스업,KRW,            기타영업수익,"5,026,889,581","13,601,363,796","14,489,138,836",
손익계산서,001510,SK증권,유가증권시장상장법인,661,금융 지원 서비스업,KRW,      당기순이익(손실),"3,187,786,850","8,609,210,017","41,431,656,266",
손익계산서,001510,SK증권,유가증권시장상장법인,661,금융 지원 서비스업,KRW,      비지배지분에 귀속되는 당기순이익(손실),"636,507,609","-810,680,940","1,396,099,214",
손익계산서,001510,SK증권,유가증권시장상장법인,661,금융 지원 서비스업,KRW,      지배기업의 소유주에게 귀속되는 당기순이익(손실),"2,551,279,241","9,419,890,957","40,035,557,052",
손익계산서,001510,SK증권,유가증권시장상장법인,661,금융 지원 서비스업,KRW,      법인세차감전순이익,"5,881,442,365","10,155,969,603","58,284,589,465",
손익계산서,001510,SK증권,유가증권시장상장법인,661,금융 지원 서비스업,KRW,      영업이익(손실),"13,097,857,611","17,884,433,658","50,801,490,544",
손익계산서,001510,SK증권,유가증권시장상장법인,661,금융 지원 서비스업,KRW,      배당수익,"14,559,996,731","14,318,990,980","27,280,489,181",
손익계산서,001510,SK증권,유가증권시장상장법인,661,금융 지원 서비스업,KRW,      판매비와관리비,"249,164,616,988","268,830,636,350","289,240,838,358",
손익계산서,030210,다올투자증권,유가증권시장상장법인,661,금융 지원 서비스업,KRW,      금융상품관련수익,"750,537,153,655","918,174,065,301","293,912,799,303",
손익계산서,030210,다올투자증권,유가증권시장상장법인,661,금융 지원 서비스업,KRW,         상각후원가측정금융상품관련이익,"5,206,422,259","5,349,022,657","5,101,641,375",
손익계산서,030210,다올투자증권,유가증권시장상장법인,661,금융 지원 서비스업,KRW,         당기손익-공정가치측정금융상품관련이익,"745,330,731,396","912,825,042,644","288,811,157,928",
손익계산서,030210,다올투자증권,유가증권시장상장법인,661,금융 지원 서비스업,KRW,      금융상품관련비용,"888,293,328,011","1,108,685,917,116","225,780,602,337",
손익계산서,030210,다올투자증권,유가증권시장상장법인,661,금융 지원 서비스업,KRW,         상각후원가측정금융상품관련손실,"176,408,496,153","134,536,607,569","3,704,179,501",
손익계산서,030210,다올투자증권,유가증권시장상장법인,661,금융 지원 서비스업,KRW,         당기손익-공정가치측정금융상품관련손실,"711,884,831,858","974,149,309,547","222,076,422,836",
손익계산서,030210,다올투자증권,유가증권시장상장법인,661,금융 지원 서비스업,KRW,      IV. 영업외손익,"67,750,021,131","36,942,839,487","83,707,186,064",
손익계산서,030210,다올투자증권,유가증권시장상장법인,661,금융 지원 서비스업,KRW,      III. 영업이익(손실),"-62,004,542,741","106,957,340,322","147,624,337,165",
손익계산서,030210,다올투자증권,유가증권시장상장법인,661,금융 지원 서비스업,KRW,      기타영업비용,"39,583,913,889","48,061,046,356","34,311,107,484",
손익계산서,030210,다올투자증권,유가증권시장상장법인,661,금융 지원 서비스업,KRW,      기타영업수익,"44,677,086,383","47,948,353,687","22,004,999,530",
손익계산서,030210,다올투자증권,유가증권시장상장법인,661,금융 지원 서비스업,KRW,      XIII. 총포괄손익의 귀속,"-9,983,677,224","100,149,231,318","176,030,911,836",
손익계산서,030210,다올투자증권,유가증권시장상장법인,661,금융 지원 서비스업,KRW,      XII. 당기순이익(손실)의 귀속,"-11,367,972,142","93,785,712,822","176,109,480,069",
손익계산서,030210,다올투자증권,유가증권시장상장법인,661,금융 지원 서비스업,KRW,      XI. 총포괄손익,"-9,983,677,224","100,149,231,318","176,030,911,836",
손익계산서,030210,다올투자증권,유가증권시장상장법인,661,금융 지원 서비스업,KRW,      비지배지분,"-831,800,317","32,976,286,426","13,979,560,478",
손익계산서,030210,다올투자증권,유가증권시장상장법인,661,금융 지원 서비스업,KRW,      지배기업의 소유주,"-9,151,876,907","67,172,944,892","162,051,351,358",
손익계산서,030210,다올투자증권,유가증권시장상장법인,661,금융 지원 서비스업,KRW,         기본주당이익(손실),-228,"1,019","2,669",
손익계산서,030210,다올투자증권,유가증권시장상장법인,661,금융 지원 서비스업,KRW,         희석주당이익(손실),-160,933,"2,669",
손익계산서,030210,다올투자증권,유가증권시장상장법인,661,금융 지원 서비스업,KRW,      수수료비용,"32,059,412,907","32,427,972,429","33,438,256,135",
손익계산서,030210,다올투자증권,유가증권시장상장법인,661,금융 지원 서비스업,KRW,      수수료수익,"141,311,254,268","373,025,640,546","344,994,467,663",
손익계산서,030210,다올투자증권,유가증권시장상장법인,661,금융 지원 서비스업,KRW,      VI. 법인세비용,"17,119,608,033","48,339,995,778","55,376,905,410",
손익계산서,030210,다올투자증권,유가증권시장상장법인,661,금융 지원 서비스업,KRW,      이자비용,"343,664,459,124","204,448,898,926","39,465,989,631",
손익계산서,030210,다올투자증권,유가증권시장상장법인,661,금융 지원 서비스업,KRW,      II. 영업비용,"1,570,375,430,879","1,735,006,327,958","614,398,477,571",
손익계산서,030210,다올투자증권,유가증권시장상장법인,661,금융 지원 서비스업,KRW,      X. 기타포괄손익,"1,384,294,918","6,363,518,496","-78,568,233",
손익계산서,030210,다올투자증권,유가증권시장상장법인,661,금융 지원 서비스업,KRW,            해외사업장환산차이 변동,"2,116,220,054","5,743,908,429","-293,801,911",
손익계산서,030210,다올투자증권,유가증권시장상장법인,661,금융 지원 서비스업,KRW,            지분법자본변동,"-101,770,784","-247,393,470","245,795,495",
손익계산서,030210,다올투자증권,유가증권시장상장법인,661,금융 지원 서비스업,KRW,            당기손익-공정가치측정지정금융부채의 신용위험변동,"-16,167,351","16,532,411",0,
손익계산서,030210,다올투자증권,유가증권시장상장법인,661,금융 지원 서비스업,KRW,            기타포괄손익-공정가치측정금융상품 평가손익,"-30,464,772","27,463,795","-32,011,200",
손익계산서,030210,다올투자증권,유가증권시장상장법인,661,금융 지원 서비스업,KRW,            확정급여제도 재측정요소,"-583,522,229","823,007,331","1,449,383",
손익계산서,030210,다올투자증권,유가증권시장상장법인,661,금융 지원 서비스업,KRW,      IX. 당기순이익(손실),"-11,367,972,142","93,785,712,822","176,109,480,069",
손익계산서,030210,다올투자증권,유가증권시장상장법인,661,금융 지원 서비스업,KRW,      비지배지분,"-499,638,079","32,132,251,626","14,166,125,782",
손익계산서,030210,다올투자증권,유가증권시장상장법인,661,금융 지원 서비스업,KRW,      지배기업의 소유주,"-10,868,334,063","61,653,461,196","161,943,354,287",
손익계산서,030210,다올투자증권,유가증권시장상장법인,661,금융 지원 서비스업,KRW,      V. 법인세비용차감전순이익,"5,745,478,390","143,900,179,809","231,331,523,229",
손익계산서,030210,다올투자증권,유가증권시장상장법인,661,금융 지원 서비스업,KRW,      VII. 계속영업이익(손실),"-11,374,129,643","95,560,184,031","175,954,617,819",
손익계산서,030210,다올투자증권,유가증권시장상장법인,661,금융 지원 서비스업,KRW,      VIII. 중단영업이익(손실),"6,157,501","-1,774,471,209","154,862,250",
손익계산서,030210,다올투자증권,유가증권시장상장법인,661,금융 지원 서비스업,KRW,      I. 영업수익,"1,508,370,888,138","1,841,963,668,280","762,022,814,736",
손익계산서,030210,다올투자증권,유가증권시장상장법인,661,금융 지원 서비스업,KRW,      배당수익,"4,512,435,735","12,922,188,360","2,788,601,420",
손익계산서,030210,다올투자증권,유가증권시장상장법인,661,금융 지원 서비스업,KRW,      이자수익,"567,332,958,097","489,893,420,386","98,321,946,820",
손익계산서,030210,다올투자증권,유가증권시장상장법인,661,금융 지원 서비스업,KRW,      판매비와관리비,"266,774,316,948","341,382,493,131","281,402,521,984",
손익계산서,003540,대신증권,유가증권시장상장법인,661,금융 지원 서비스업,KRW,      영업외비용,"60,805,135,000","122,499,952,000","78,274,501,000",
손익계산서,003540,대신증권,유가증권시장상장법인,661,금융 지원 서비스업,KRW,      영업외수익,"80,707,149,000","89,993,030,000","60,032,852,000",
손익계산서,003540,대신증권,유가증권시장상장법인,661,금융 지원 서비스업,KRW,      기타의영업비용,"20,568,784,000","56,648,141,000","22,063,814,000",
손익계산서,003540,대신증권,유가증권시장상장법인,661,금융 지원 서비스업,KRW,      기타의영업수익,"107,190,581,000","167,548,604,000","588,622,342,000",
손익계산서,003540,대신증권,유가증권시장상장법인,661,금융 지원 서비스업,KRW,      당기연결순손익의 귀속,"135,831,720,000","131,743,767,000","615,822,762,000",
손익계산서,003540,대신증권,유가증권시장상장법인,661,금융 지원 서비스업,KRW,      당기연결총포괄손익,"387,041,690,000","192,262,204,000","643,250,215,000",
손익계산서,003540,대신증권,유가증권시장상장법인,661,금융 지원 서비스업,KRW,      분양비용,"128,063,582,000","397,817,236,000","176,864,016,000",
손익계산서,003540,대신증권,유가증권시장상장법인,661,금융 지원 서비스업,KRW,      당기손익-공정가치측정금융상품관련이익,"2,205,917,950,000","2,263,602,041,000","1,659,510,818,000",
손익계산서,003540,대신증권,유가증권시장상장법인,661,금융 지원 서비스업,KRW,      당기손익-공정가치측정지정금융상품관련이익,"83,520,063,000","113,844,318,000","70,380,546,000",
손익계산서,003540,대신증권,유가증권시장상장법인,661,금융 지원 서비스업,KRW,      외환거래이익,"209,185,410,000","233,651,509,000","81,123,875,000",
손익계산서,003540,대신증권,유가증권시장상장법인,661,금융 지원 서비스업,KRW,      외환거래손실,"192,001,345,000","261,259,133,000","117,577,262,000",
손익계산서,003540,대신증권,유가증권시장상장법인,661,금융 지원 서비스업,KRW,      영업외손익,"19,902,014,000","-32,506,922,000","-18,241,649,000",
손익계산서,003540,대신증권,유가증권시장상장법인,661,금융 지원 서비스업,KRW,      임대비용,"52,344,555,000","56,018,217,000","64,032,628,000",
손익계산서,003540,대신증권,유가증권시장상장법인,661,금융 지원 서비스업,KRW,      임대수익,"85,246,111,000","81,801,322,000","76,692,371,000",
손익계산서,003540,대신증권,유가증권시장상장법인,661,금융 지원 서비스업,KRW,      분양수익,"138,184,176,000","449,162,320,000","230,920,586,000",
손익계산서,003540,대신증권,유가증권시장상장법인,661,금융 지원 서비스업,KRW,      당기손익-공정가치측정금융상품관련손실,"1,829,482,914,000","2,089,439,073,000","1,431,204,920,000",
손익계산서,003540,대신증권,유가증권시장상장법인,661,금융 지원 서비스업,KRW,      당기손익-공정가치측정지정금융상품관련손실,"188,737,587,000","132,665,358,000","134,520,217,000",
손익계산서,003540,대신증권,유가증권시장상장법인,661,금융 지원 서비스업,KRW,      인건비,"281,420,543,000","297,894,249,000","282,189,649,000",
손익계산서,003540,대신증권,유가증권시장상장법인,661,금융 지원 서비스업,KRW,      감가상각비 및 상각비,"38,619,215,000","36,197,394,000","40,687,679,000",
손익계산서,003540,대신증권,유가증권시장상장법인,661,금융 지원 서비스업,KRW,      기타 판매비와 관리비,"176,033,702,000","176,167,533,000","152,251,460,000",
손익계산서,003540,대신증권,유가증권시장상장법인,661,금융 지원 서비스업,KRW,      신용손실충당금 전입액,"150,774,629,000","67,525,349,000","62,588,719,000",
손익계산서,003540,대신증권,유가증권시장상장법인,661,금융 지원 서비스업,KRW,      당기연결총포괄손익의 귀속,"387,041,690,000","192,262,204,000","643,250,215,000",
손익계산서,003540,대신증권,유가증권시장상장법인,661,금융 지원 서비스업,KRW,      비지배지분총포괄손익,"-7,213,492,000","17,675,875,000","1,764,545,000",
손익계산서,003540,대신증권,유가증권시장상장법인,661,금융 지원 서비스업,KRW,      지배기업주주지분총포괄손익,"394,255,182,000","174,586,329,000","641,485,670,000",
손익계산서,003540,대신증권,유가증권시장상장법인,661,금융 지원 서비스업,KRW,         우선주기본주당순이익,"2,014","1,794","9,280",
손익계산서,003540,대신증권,유가증권시장상장법인,661,금융 지원 서비스업,KRW,         우선주희석주당순이익,"1,978","1,757","9,057",
손익계산서,003540,대신증권,유가증권시장상장법인,661,금융 지원 서비스업,KRW,         2우선주기본주당순이익,"1,964","1,744","9,230",
손익계산서,003540,대신증권,유가증권시장상장법인,661,금융 지원 서비스업,KRW,         2우선주희석주당순이익,"1,928","1,707","9,007",
손익계산서,003540,대신증권,유가증권시장상장법인,661,금융 지원 서비스업,KRW,         보통주기본주당순이익,"2,036","1,750","9,323",
손익계산서,003540,대신증권,유가증권시장상장법인,661,금융 지원 서비스업,KRW,         보통주희석주당순이익,"1,997","1,713","9,095",
손익계산서,003540,대신증권,유가증권시장상장법인,661,금융 지원 서비스업,KRW,      수수료비용,"35,793,817,000","45,220,764,000","61,567,378,000",
손익계산서,003540,대신증권,유가증권시장상장법인,661,금융 지원 서비스업,KRW,      수수료수익,"404,094,907,000","453,273,752,000","579,818,800,000",
손익계산서,003540,대신증권,유가증권시장상장법인,661,금융 지원 서비스업,KRW,      법인세비용,"45,387,720,000","89,211,195,000","251,484,479,000",
손익계산서,003540,대신증권,유가증권시장상장법인,661,금융 지원 서비스업,KRW,      이자비용,"599,432,476,000","361,017,568,000","204,235,366,000",
손익계산서,003540,대신증권,유가증권시장상장법인,661,금융 지원 서비스업,KRW,      영업비용,"3,693,273,149,000","3,977,870,015,000","2,749,783,108,000",
손익계산서,003540,대신증권,유가증권시장상장법인,661,금융 지원 서비스업,KRW,      당기연결기타포괄손익,"251,209,970,000","60,518,437,000","27,427,453,000",
손익계산서,003540,대신증권,유가증권시장상장법인,661,금융 지원 서비스업,KRW,            기타포괄손익-공정가치측정채무상품평가손익,"63,332,689,000","56,188,144,000","17,294,298,000",
손익계산서,003540,대신증권,유가증권시장상장법인,661,금융 지원 서비스업,KRW,            관계기업투자 지분법평가,"-1,529,042,000","408,569,000","273,233,000",
손익계산서,003540,대신증권,유가증권시장상장법인,661,금융 지원 서비스업,KRW,            해외사업환산손익,"-5,660,850,000","-1,173,747,000","11,519,199,000",
손익계산서,003540,대신증권,유가증권시장상장법인,661,금융 지원 서비스업,KRW,            유형자산의 재평가잉여금,"210,929,019,000",0,0,
손익계산서,003540,대신증권,유가증권시장상장법인,661,금융 지원 서비스업,KRW,            당기손익-공정가치측정지정금융부채의 자기신용위험변동손익,"-6,158,761,000","4,932,725,000","-191,995,000",
손익계산서,003540,대신증권,유가증권시장상장법인,661,금융 지원 서비스업,KRW,            기타포괄손익-공정가치측정지분증권평가손익,"17,862,325,000","42,111,143,000","12,156,250,000",
손익계산서,003540,대신증권,유가증권시장상장법인,661,금융 지원 서비스업,KRW,            확정급여제도의 재측정요소,"-771,294,000","162,746,000","-1,467,282,000",
손익계산서,003540,대신증권,유가증권시장상장법인,661,금융 지원 서비스업,KRW,      당기연결순손익,"135,831,720,000","131,743,767,000","615,822,762,000",
손익계산서,003540,대신증권,유가증권시장상장법인,661,금융 지원 서비스업,KRW,      비지배지분순손익,"2,181,875,000","15,834,904,000","-756,339,000",
손익계산서,003540,대신증권,유가증권시장상장법인,661,금융 지원 서비스업,KRW,      지배기업주주지분순손익,"133,649,845,000","115,908,863,000","616,579,101,000",
손익계산서,003540,대신증권,유가증권시장상장법인,661,금융 지원 서비스업,KRW,      법인세비용차감전연결순손익,"181,219,440,000","220,954,962,000","867,307,241,000",
손익계산서,003540,대신증권,유가증권시장상장법인,661,금융 지원 서비스업,KRW,      영업이익,"161,317,426,000","253,461,884,000","885,548,890,000",
손익계산서,003540,대신증권,유가증권시장상장법인,661,금융 지원 서비스업,KRW,      영업수익,"3,854,590,575,000","4,231,331,899,000","3,635,331,998,000",
손익계산서,003540,대신증권,유가증권시장상장법인,661,금융 지원 서비스업,KRW,      이자수익,"610,153,571,000","466,902,293,000","345,649,077,000",
손익계산서,003540,대신증권,유가증권시장상장법인,661,금융 지원 서비스업,KRW,      신용손실충당금 환입액,"11,097,806,000","1,545,740,000","2,613,583,000",
손익계산서,008560,메리츠증권,기타법인,661,금융 지원 서비스업,KRW,      영업외비용,"253,385,821,832","118,130,761,859","55,546,782,348",
손익계산서,008560,메리츠증권,기타법인,661,금융 지원 서비스업,KRW,      영업외수익,"135,832,203,289","158,829,153,083","153,808,092,553",
손익계산서,008560,메리츠증권,기타법인,661,금융 지원 서비스업,KRW,      총포괄손익,"617,640,828,423","866,220,016,655","814,027,003,997",
손익계산서,008560,메리츠증권,기타법인,661,금융 지원 서비스업,KRW,         비지배주주지분총포괄손익,"6,000,000,000","6,000,000,000","8,055,780,198",
손익계산서,008560,메리츠증권,기타법인,661,금융 지원 서비스업,KRW,         지배주주지분총포괄손익,"611,640,828,423","860,220,016,655","805,971,223,799",
손익계산서,008560,메리츠증권,기타법인,661,금융 지원 서비스업,KRW,         기본주당이익(손실),927,"1,369","1,201",
손익계산서,008560,메리츠증권,기타법인,661,금융 지원 서비스업,KRW,         희석주당이익(손실),926,"1,307","1,129",
손익계산서,008560,메리츠증권,기타법인,661,금융 지원 서비스업,KRW,      법인세비용,"173,781,694,074","305,134,978,089","264,275,877,715",
손익계산서,008560,메리츠증권,기타법인,661,금융 지원 서비스업,KRW,      영업비용,"46,566,993,969,136","55,945,059,810,185","22,298,446,613,991",
손익계산서,008560,메리츠증권,기타법인,661,금융 지원 서비스업,KRW,      기타포괄손익,"27,674,569,071","38,124,931,550","31,102,462,477",
손익계산서,008560,메리츠증권,기타법인,661,금융 지원 서비스업,KRW,            기타포괄손익-공정가치측정채무증권평가손익,"20,530,422,874","-4,800,196,391","6,037,599,553",
손익계산서,008560,메리츠증권,기타법인,661,금융 지원 서비스업,KRW,            해외사업환산손익,"2,163,975,416","1,656,069,854","4,476,281,156",
손익계산서,008560,메리츠증권,기타법인,661,금융 지원 서비스업,KRW,            지분법자본변동,"-1,380,847,642","1,347,788,437","1,263,197,384",
손익계산서,008560,메리츠증권,기타법인,661,금융 지원 서비스업,KRW,            당기손익-공정가치측정금융부채평가손익,"-1,743,749,934","2,837,800,472","-422,375,376",
손익계산서,008560,메리츠증권,기타법인,661,금융 지원 서비스업,KRW,            기타포괄손익-공정가치측정지분증권평가손익,"9,897,900,749","35,325,807,554","19,430,292,460",
손익계산서,008560,메리츠증권,기타법인,661,금융 지원 서비스업,KRW,            기타포괄손익-공정가치측정지분증권처분손익,"3,369,532",0,"391,500,000",
손익계산서,008560,메리츠증권,기타법인,661,금융 지원 서비스업,KRW,            순확정급여부채 재측정요소,"-1,796,501,924","1,757,661,624","-74,032,700",
손익계산서,008560,메리츠증권,기타법인,661,금융 지원 서비스업,KRW,      당기순이익(손실),"589,966,259,352","828,095,085,105","782,924,541,520",
손익계산서,008560,메리츠증권,기타법인,661,금융 지원 서비스업,KRW,      비지배주주분당기순이익(손실),"6,000,000,000","6,000,000,000","8,055,780,198",
손익계산서,008560,메리츠증권,기타법인,661,금융 지원 서비스업,KRW,      지배기업주주지분당기순이익(손실),"583,966,259,352","822,095,085,105","774,868,761,322",
손익계산서,008560,메리츠증권,기타법인,661,금융 지원 서비스업,KRW,      법인세비용차감전순이익,"763,747,953,426","1,133,230,063,194","1,047,200,419,235",
손익계산서,008560,메리츠증권,기타법인,661,금융 지원 서비스업,KRW,      영업이익(손실),"881,301,571,969","1,092,531,671,970","948,939,109,030",
손익계산서,008560,메리츠증권,기타법인,661,금융 지원 서비스업,KRW,      영업수익,"47,448,295,541,105","57,037,591,482,155","23,247,385,723,021",
손익계산서,006800,미래에셋증권,유가증권시장상장법인,661,금융 지원 서비스업,KRW,      기타포괄손익-공정가치측정금융상품관련이익,"35,471,764,547","2,430,356,560","34,780,860,687",
손익계산서,006800,미래에셋증권,유가증권시장상장법인,661,금융 지원 서비스업,KRW,      당기손익-공정가치측정금융상품관련이익,"12,240,177,803,587","12,959,407,316,689","8,328,049,706,235",
손익계산서,006800,미래에셋증권,유가증권시장상장법인,661,금융 지원 서비스업,KRW,      상각후원가측정금융상품관련손실,0,0,"263,818,124",
손익계산서,006800,미래에셋증권,유가증권시장상장법인,661,금융 지원 서비스업,KRW,      기타포괄손익-공정가치측정금융상품관련손실,"45,053,164,834","19,331,627,177","23,265,902,210",
손익계산서,006800,미래에셋증권,유가증권시장상장법인,661,금융 지원 서비스업,KRW,      당기손익-공정가치측정금융상품관련손실,"12,050,133,536,472","12,641,501,410,056","7,675,230,838,700",
손익계산서,006800,미래에셋증권,유가증권시장상장법인,661,금융 지원 서비스업,KRW,      영업외손익,"-141,994,960,408","13,685,054,849","156,707,732,840",
손익계산서,006800,미래에셋증권,유가증권시장상장법인,661,금융 지원 서비스업,KRW,         영업외비용,"266,660,324,511","241,316,934,424","111,027,625,344",
손익계산서,006800,미래에셋증권,유가증권시장상장법인,661,금융 지원 서비스업,KRW,         영업외수익,"124,665,364,103","255,001,989,273","267,735,358,184",
손익계산서,006800,미래에셋증권,유가증권시장상장법인,661,금융 지원 서비스업,KRW,      기타의영업비용,"237,622,697,856","255,018,898,022","235,065,608,135",
손익계산서,006800,미래에셋증권,유가증권시장상장법인,661,금융 지원 서비스업,KRW,      기타의영업수익,"761,992,101,560","670,895,225,220","532,981,616,329",
손익계산서,006800,미래에셋증권,유가증권시장상장법인,661,금융 지원 서비스업,KRW,      인건비,"705,032,832,999","692,154,775,658","903,788,792,515",
손익계산서,006800,미래에셋증권,유가증권시장상장법인,661,금융 지원 서비스업,KRW,      신용손실충당금전입액,"149,732,887,282","61,140,217,944","19,506,738,417",
손익계산서,006800,미래에셋증권,유가증권시장상장법인,661,금융 지원 서비스업,KRW,      당기총포괄손익,"713,014,041,198","628,669,878,847","1,605,175,387,759",
손익계산서,006800,미래에셋증권,유가증권시장상장법인,661,금융 지원 서비스업,KRW,         비지배지분,"10,886,975,693","20,144,637,565","30,857,687,996",
손익계산서,006800,미래에셋증권,유가증권시장상장법인,661,금융 지원 서비스업,KRW,         지배기업의 소유주지분,"702,127,065,505","608,525,241,282","1,574,317,699,763",
손익계산서,006800,미래에셋증권,유가증권시장상장법인,661,금융 지원 서비스업,KRW,         기본 주당이익(우선주),531,"1,108","1,803",
손익계산서,006800,미래에셋증권,유가증권시장상장법인,661,금융 지원 서비스업,KRW,         희석 주당이익(우선주),531,"1,108","1,803",
손익계산서,006800,미래에셋증권,유가증권시장상장법인,661,금융 지원 서비스업,KRW,         기본 주당이익(보통주),531,"1,108","1,803",
손익계산서,006800,미래에셋증권,유가증권시장상장법인,661,금융 지원 서비스업,KRW,         희석 주당이익(보통주),531,"1,108","1,803",
손익계산서,006800,미래에셋증권,유가증권시장상장법인,661,금융 지원 서비스업,KRW,      수수료비용,"237,998,387,140","265,254,129,357","259,495,805,785",
손익계산서,006800,미래에셋증권,유가증권시장상장법인,661,금융 지원 서비스업,KRW,      수수료수익,"1,137,604,296,381","1,216,764,073,359","1,592,864,424,281",
손익계산서,006800,미래에셋증권,유가증권시장상장법인,661,금융 지원 서비스업,KRW,      외환거래이익,"1,867,626,220,871","2,139,475,401,877","1,335,771,112,441",
손익계산서,006800,미래에셋증권,유가증권시장상장법인,661,금융 지원 서비스업,KRW,      외환거래손실,"1,802,521,283,100","2,070,701,389,956","1,409,736,423,367",
손익계산서,006800,미래에셋증권,유가증권시장상장법인,661,금융 지원 서비스업,KRW,      법인세비용(수익),"41,184,043,094","143,113,219,938","458,744,955,594",
손익계산서,006800,미래에셋증권,유가증권시장상장법인,661,금융 지원 서비스업,KRW,      이자비용,"3,949,032,154,760","1,672,214,046,154","552,720,398,276",
손익계산서,006800,미래에셋증권,유가증권시장상장법인,661,금융 지원 서비스업,KRW,      영업비용,"19,838,426,555,273","18,325,615,078,713","11,666,525,925,362",
손익계산서,006800,미래에셋증권,유가증권시장상장법인,661,금융 지원 서비스업,KRW,      기타포괄손익,"375,156,233,076","-77,461,543,401","421,736,955,551",
손익계산서,006800,미래에셋증권,유가증권시장상장법인,661,금융 지원 서비스업,KRW,            기타포괄손익-공정가치측정금융자산평가손익,"247,457,804,255","-256,661,720,700","-74,097,515,815",
손익계산서,006800,미래에셋증권,유가증권시장상장법인,661,금융 지원 서비스업,KRW,            해외사업환산손익,"10,240,861,031","173,647,248,978","379,860,159,817",
손익계산서,006800,미래에셋증권,유가증권시장상장법인,661,금융 지원 서비스업,KRW,            해외사업장순투자에 대한 위험회피,"-5,547,084,835","-27,272,676,460","-25,058,718,750",
손익계산서,006800,미래에셋증권,유가증권시장상장법인,661,금융 지원 서비스업,KRW,            관계기업투자자산평가손익,"45,461,134,568","403,918,028,396","26,010,213,887",
손익계산서,006800,미래에셋증권,유가증권시장상장법인,661,금융 지원 서비스업,KRW,            당기손익-공정가치측정지정금융부채의 신용위험 변동,"-16,892,770,633","12,743,214,529","3,706,144,616",
손익계산서,006800,미래에셋증권,유가증권시장상장법인,661,금융 지원 서비스업,KRW,            기타포괄손익-공정가치측정지정금융자산평가손익,"92,810,456,854","-392,719,144,128","108,573,388,946",
손익계산서,006800,미래에셋증권,유가증권시장상장법인,661,금융 지원 서비스업,KRW,            확정급여부채의 재측정요소,"1,625,831,836","8,883,505,984","2,743,282,850",
손익계산서,006800,미래에셋증권,유가증권시장상장법인,661,금융 지원 서비스업,KRW,      당기순이익(손실),"337,857,808,122","706,131,422,248","1,183,438,432,208",
손익계산서,006800,미래에셋증권,유가증권시장상장법인,661,금융 지원 서비스업,KRW,      비지배지분,"10,821,746,408","20,205,936,929","30,722,726,188",
손익계산서,006800,미래에셋증권,유가증권시장상장법인,661,금융 지원 서비스업,KRW,      지배기업의 소유주지분,"327,036,061,714","685,925,485,319","1,152,715,706,020",
손익계산서,006800,미래에셋증권,유가증권시장상장법인,661,금융 지원 서비스업,KRW,      법인세비용차감전순이익,"379,041,851,216","849,244,642,186","1,642,183,387,802",
손익계산서,006800,미래에셋증권,유가증권시장상장법인,661,금융 지원 서비스업,KRW,      영업이익,"521,036,811,624","835,559,587,337","1,485,475,654,962",
손익계산서,006800,미래에셋증권,유가증권시장상장법인,661,금융 지원 서비스업,KRW,      영업수익,"20,359,463,366,897","19,161,174,666,050","13,152,001,580,324",
손익계산서,006800,미래에셋증권,유가증권시장상장법인,661,금융 지원 서비스업,KRW,      이자수익,"4,313,759,391,529","2,171,874,794,943","1,320,349,406,608",
손익계산서,006800,미래에셋증권,유가증권시장상장법인,661,금융 지원 서비스업,KRW,         상각후원가측정금융자산관련이자수익,"3,122,632,950,309","1,400,382,295,341","813,437,131,673",
손익계산서,006800,미래에셋증권,유가증권시장상장법인,661,금융 지원 서비스업,KRW,         당기손익-공정가치측정금융자산관련이자수익,"663,196,570,435","464,309,728,517","369,085,786,199",
손익계산서,006800,미래에셋증권,유가증권시장상장법인,661,금융 지원 서비스업,KRW,         기타포괄손익-공정가치측정금융자산관련이자수익,"527,929,870,785","307,182,771,085","137,826,488,736",
손익계산서,006800,미래에셋증권,유가증권시장상장법인,661,금융 지원 서비스업,KRW,      신용손실충당금환입액,"2,831,788,422","327,497,402","7,204,453,743",
손익계산서,006800,미래에셋증권,유가증권시장상장법인,661,금융 지원 서비스업,KRW,      판매관리비,"661,299,610,830","648,298,584,389","587,451,599,833",
손익계산서,001270,부국증권,유가증권시장상장법인,661,금융 지원 서비스업,KRW,      2. 금융상품관련수익,"319,703,774,584","403,073,741,177","252,610,291,465",
손익계산서,001270,부국증권,유가증권시장상장법인,661,금융 지원 서비스업,KRW,      3. 파생상품거래이익,"278,540,179,714","352,924,136,339","259,938,271,261",
손익계산서,001270,부국증권,유가증권시장상장법인,661,금융 지원 서비스업,KRW,      2. 금융상품평가및처분손실,"290,885,722,137","366,507,391,380","259,824,107,541",
손익계산서,001270,부국증권,유가증권시장상장법인,661,금융 지원 서비스업,KRW,      3. 파생상품거래손실,"229,991,539,605","389,397,367,652","219,671,691,043",
손익계산서,001270,부국증권,유가증권시장상장법인,661,금융 지원 서비스업,KRW,      V. 영업외비용,"500,221,563","779,836,390","1,015,001,755",
손익계산서,001270,부국증권,유가증권시장상장법인,661,금융 지원 서비스업,KRW,      IV. 영업외수익,"5,026,118,872","1,954,746,209","4,006,497,853",
손익계산서,001270,부국증권,유가증권시장상장법인,661,금융 지원 서비스업,KRW,      8. 기타영업비용,"523,476,741","162,595,139","200,393,826",
손익계산서,001270,부국증권,유가증권시장상장법인,661,금융 지원 서비스업,KRW,      7. 기타영업수익,"7,458,309,779","7,910,837,734","25,939,566,155",
손익계산서,001270,부국증권,유가증권시장상장법인,661,금융 지원 서비스업,KRW,      5. 대출채권평가및처분이익,"388,665,000","479,419,000","5,787,745,540",
손익계산서,001270,부국증권,유가증권시장상장법인,661,금융 지원 서비스업,KRW,      5. 대출채권평가및처분손실,"5,669,855,664","3,678,703,691","806,765,229",
손익계산서,001270,부국증권,유가증권시장상장법인,661,금융 지원 서비스업,KRW,      X. 총포괄이익(손실),"76,531,745,906","50,236,033,771","108,923,750,637",
손익계산서,001270,부국증권,유가증권시장상장법인,661,금융 지원 서비스업,KRW,         2. 비지배지분에 귀속되는 계속영업포괄손익,"5,952,994","3,735,853","6,058,225",
손익계산서,001270,부국증권,유가증권시장상장법인,661,금융 지원 서비스업,KRW,         1. 지배기업의 소유주에게 귀속되는 계속영업포괄손익,"76,525,792,912","50,232,297,918","108,917,692,412",
손익계산서,001270,부국증권,유가증권시장상장법인,661,금융 지원 서비스업,KRW,         1. 구형우선주 기본주당이익,"6,470","4,786","8,722",
손익계산서,001270,부국증권,유가증권시장상장법인,661,금융 지원 서비스업,KRW,         2. 구형우선주 희석주당이익,"6,470","4,786","8,722",
손익계산서,001270,부국증권,유가증권시장상장법인,661,금융 지원 서비스업,KRW,         3. 보통주 기본주당이익,"6,420","4,736","8,672",
손익계산서,001270,부국증권,유가증권시장상장법인,661,금융 지원 서비스업,KRW,         4. 보통주 희석주당이익,"6,420","4,736","8,672",
손익계산서,001270,부국증권,유가증권시장상장법인,661,금융 지원 서비스업,KRW,      1. 수수료비용,"9,463,155,275","11,905,343,677","14,747,963,823",
손익계산서,001270,부국증권,유가증권시장상장법인,661,금융 지원 서비스업,KRW,      1. 수수료수익,"102,778,869,674","141,814,201,540","143,074,844,968",
손익계산서,001270,부국증권,유가증권시장상장법인,661,금융 지원 서비스업,KRW,      1. 지배기업의 소유주에게 귀속될 계속영업손익,"57,300,590,260","42,309,969,684","77,353,844,218",
손익계산서,001270,부국증권,유가증권시장상장법인,661,금융 지원 서비스업,KRW,      VII. 법인세비용,"16,328,063,181","19,311,758,100","27,242,329,694",
손익계산서,001270,부국증권,유가증권시장상장법인,661,금융 지원 서비스업,KRW,      4. 이자비용,"92,736,917,563","26,809,112,823","10,546,156,871",
손익계산서,001270,부국증권,유가증권시장상장법인,661,금융 지원 서비스업,KRW,      6. 외환거래이익,"361,996,806","985,766,650","106,181,485",
손익계산서,001270,부국증권,유가증권시장상장법인,661,금융 지원 서비스업,KRW,      6. 외환거래손실,"155,734,625","390,773,032","169,377,407",
손익계산서,001270,부국증권,유가증권시장상장법인,661,금융 지원 서비스업,KRW,      II. 영업비용,"745,931,843,875","922,956,719,160","639,498,868,887",
손익계산서,001270,부국증권,유가증권시장상장법인,661,금융 지원 서비스업,KRW,      IX. 기타포괄손익,"19,225,202,652","7,922,328,234","31,563,848,194",
손익계산서,001270,부국증권,유가증권시장상장법인,661,금융 지원 서비스업,KRW,            (1) 기타포괄손익-공정가치측정금융자산 평가이익,"13,036,086,830","7,395,430,827","15,227,548,713",
손익계산서,001270,부국증권,유가증권시장상장법인,661,금융 지원 서비스업,KRW,            (2) 재평가잉여금,"6,189,115,822","526,897,407","16,336,299,481",
손익계산서,001270,부국증권,유가증권시장상장법인,661,금융 지원 서비스업,KRW,      VIII. 당기순이익,"57,306,543,254","42,313,705,537","77,359,902,443",
손익계산서,001270,부국증권,유가증권시장상장법인,661,금융 지원 서비스업,KRW,      VI. 법인세차감전순이익,"73,634,606,435","61,625,463,637","104,602,232,137",
손익계산서,001270,부국증권,유가증권시장상장법인,661,금융 지원 서비스업,KRW,      2. 비지배지분에 귀속될 계속영업손익,"5,952,994","3,735,853","6,058,225",
손익계산서,001270,부국증권,유가증권시장상장법인,661,금융 지원 서비스업,KRW,      III. 영업이익,"69,108,709,126","60,450,553,818","101,610,736,039",
손익계산서,001270,부국증권,유가증권시장상장법인,661,금융 지원 서비스업,KRW,      I. 영업수익,"815,040,553,001","983,407,272,978","741,109,604,926",
손익계산서,001270,부국증권,유가증권시장상장법인,661,금융 지원 서비스업,KRW,      4. 이자수익,"105,808,757,444","76,219,170,538","53,652,704,052",
손익계산서,001270,부국증권,유가증권시장상장법인,661,금융 지원 서비스업,KRW,         (2) 당기손익-공정가치측정금융자산 관련 이자수익,"67,222,247,197","44,600,819,860","36,074,170,954",
손익계산서,001270,부국증권,유가증권시장상장법인,661,금융 지원 서비스업,KRW,         (1) 유효이자율법을 사용하여 계산한 이자수익,"38,586,510,247","31,618,350,678","17,578,533,098",
손익계산서,001270,부국증권,유가증권시장상장법인,661,금융 지원 서비스업,KRW,            상각후원가측정금융자산 관련 이자수익,"38,586,510,247","31,618,350,678","17,578,533,098",
손익계산서,001270,부국증권,유가증권시장상장법인,661,금융 지원 서비스업,KRW,      7. 판매비와관리비,"116,505,442,265","124,105,431,766","133,532,413,147",
손익계산서,016360,삼성증권,유가증권시장상장법인,661,금융 지원 서비스업,KRW,      당기손익-공정가치측정금융상품관련순손익,"266,010,370,861","-35,953,301,423","327,920,204,590",
손익계산서,016360,삼성증권,유가증권시장상장법인,661,금융 지원 서비스업,KRW,         당기손익-공정가치측정금융상품관련이익,"8,314,089,839,619","7,705,138,347,918","5,854,746,002,196",
손익계산서,016360,삼성증권,유가증권시장상장법인,661,금융 지원 서비스업,KRW,         당기손익-공정가치측정금융상품관련손실,"7,678,359,433,822","8,734,210,528,305","5,459,543,712,379",
손익계산서,016360,삼성증권,유가증권시장상장법인,661,금융 지원 서비스업,KRW,         당기손익-공정가치측정지정금융상품관련이익,"573,216,006,847","1,164,605,502,401","501,800,117,330",
손익계산서,016360,삼성증권,유가증권시장상장법인,661,금융 지원 서비스업,KRW,         환율변동이익,"170,300,091,999","560,539,805,458","252,662,186,752",
손익계산서,016360,삼성증권,유가증권시장상장법인,661,금융 지원 서비스업,KRW,         당기손익-공정가치측정지정금융상품관련손실,"958,032,607,893","539,324,354,231","740,592,424,433",
손익계산서,016360,삼성증권,유가증권시장상장법인,661,금융 지원 서비스업,KRW,         환율변동손실,"155,203,525,889","192,702,074,664","81,151,964,876",
손익계산서,016360,삼성증권,유가증권시장상장법인,661,금융 지원 서비스업,KRW,      영업외비용,"7,549,741,482","11,797,647,045","3,929,272,438",
손익계산서,016360,삼성증권,유가증권시장상장법인,661,금융 지원 서비스업,KRW,      영업외수익,"13,246,327,184","8,433,902,472","22,416,857,364",
손익계산서,016360,삼성증권,유가증권시장상장법인,661,금융 지원 서비스업,KRW,      인건비,"481,188,943,795","424,298,509,657","539,093,162,862",
손익계산서,016360,삼성증권,유가증권시장상장법인,661,금융 지원 서비스업,KRW,      순영업손익,"1,647,003,027,855","1,400,556,045,956","2,241,776,236,378",
손익계산서,016360,삼성증권,유가증권시장상장법인,661,금융 지원 서비스업,KRW,      총포괄손익,"578,611,051,739","454,319,554,501","960,315,119,930",
손익계산서,016360,삼성증권,유가증권시장상장법인,661,금융 지원 서비스업,KRW,         비지배지분에 귀속되는 총포괄손익,0,0,0,
손익계산서,016360,삼성증권,유가증권시장상장법인,661,금융 지원 서비스업,KRW,         지배기업의 소유주에게 귀속되는 총포괄손익,"578,611,051,739","454,319,554,501","960,315,119,930",
손익계산서,016360,삼성증권,유가증권시장상장법인,661,금융 지원 서비스업,KRW,         기본주당순이익,"6,130","4,730","10,810",
손익계산서,016360,삼성증권,유가증권시장상장법인,661,금융 지원 서비스업,KRW,         희석주당순이익,"6,130","4,730","10,810",
손익계산서,016360,삼성증권,유가증권시장상장법인,661,금융 지원 서비스업,KRW,      순수수료손익,"798,866,070,389","714,009,605,155","1,114,154,972,883",
손익계산서,016360,삼성증권,유가증권시장상장법인,661,금융 지원 서비스업,KRW,         수수료비용,"201,153,119,319","179,102,343,444","192,388,547,713",
손익계산서,016360,삼성증권,유가증권시장상장법인,661,금융 지원 서비스업,KRW,         수수료수익,"1,000,019,189,708","893,111,948,599","1,306,543,520,596",
손익계산서,016360,삼성증권,유가증권시장상장법인,661,금융 지원 서비스업,KRW,      법인세비용,"199,408,851,140","152,325,041,800","361,832,668,803",
손익계산서,016360,삼성증권,유가증권시장상장법인,661,금융 지원 서비스업,KRW,      순이자손익,"649,202,061,572","621,189,254,132","711,417,876,921",
손익계산서,016360,삼성증권,유가증권시장상장법인,661,금융 지원 서비스업,KRW,         이자비용,"961,559,084,805","631,042,469,504","239,089,716,418",
손익계산서,016360,삼성증권,유가증권시장상장법인,661,금융 지원 서비스업,KRW,         이자수익,"1,610,761,146,377","1,252,231,723,636","950,507,593,339",
손익계산서,016360,삼성증권,유가증권시장상장법인,661,금융 지원 서비스업,KRW,            상각후원가측정금융자산관련이자수익,"927,484,424,339","712,877,024,302","515,302,237,503",
손익계산서,016360,삼성증권,유가증권시장상장법인,661,금융 지원 서비스업,KRW,            현금및현금성자산이자수익,"45,711,101,775","24,679,840,901","7,143,091,854",
손익계산서,016360,삼성증권,유가증권시장상장법인,661,금융 지원 서비스업,KRW,            당기손익공정가치측정금융자산이자수익,"547,370,447,322","434,553,248,084","370,359,010,103",
손익계산서,016360,삼성증권,유가증권시장상장법인,661,금융 지원 서비스업,KRW,            기타포괄손익공정가치측정금융자산이자수익,"90,195,172,941","80,121,610,349","57,703,253,879",
손익계산서,016360,삼성증권,유가증권시장상장법인,661,금융 지원 서비스업,KRW,      기타포괄손익,"31,205,343,343","31,914,446,066","-5,023,088,607",
손익계산서,016360,삼성증권,유가증권시장상장법인,661,금융 지원 서비스업,KRW,            기타포괄손익-공정가치측정채무상품 관련손익,"47,626,254,595","-32,097,426,919","-28,420,468,285",
손익계산서,016360,삼성증권,유가증권시장상장법인,661,금융 지원 서비스업,KRW,            해외사업환산손익,"3,623,987,450","14,304,728,746","14,531,843,983",
손익계산서,016360,삼성증권,유가증권시장상장법인,661,금융 지원 서비스업,KRW,            지분법자본변동,"1,047,189,496","-164,961,177","811,968,422",
손익계산서,016360,삼성증권,유가증권시장상장법인,661,금융 지원 서비스업,KRW,            당기손익-공정가치측정지정금융부채 신용위험변동,"-679,972,580","348,103,331","-2,183,528,591",
손익계산서,016360,삼성증권,유가증권시장상장법인,661,금융 지원 서비스업,KRW,            기타포괄손익-공정가치측정지분상품 관련손익,"-14,414,994,500","38,514,654,899","10,879,888,086",
손익계산서,016360,삼성증권,유가증권시장상장법인,661,금융 지원 서비스업,KRW,            확정급여제도의재측정요소,"-5,997,121,118","11,009,347,186","-642,792,222",
손익계산서,016360,삼성증권,유가증권시장상장법인,661,금융 지원 서비스업,KRW,      기타영업손익,"-67,075,474,967","101,310,488,092","88,283,181,984",
손익계산서,016360,삼성증권,유가증권시장상장법인,661,금융 지원 서비스업,KRW,         기타포괄손익-공정가치측정금융자산관련수익,"471,317,284","10,077,036","6,427,749,459",
손익계산서,016360,삼성증권,유가증권시장상장법인,661,금융 지원 서비스업,KRW,         기타포괄손익-공정가치측정금융자산관련비용,"12,525,845,226","5,759,805,258","316,803,900",
손익계산서,016360,삼성증권,유가증권시장상장법인,661,금융 지원 서비스업,KRW,         기타영업비용,"1,242,099,094,291","1,789,876,542,203","849,416,352,461",
손익계산서,016360,삼성증권,유가증권시장상장법인,661,금융 지원 서비스업,KRW,         기타영업수익,"1,494,529,714,034","1,906,510,773,476","931,407,144,443",
손익계산서,016360,삼성증권,유가증권시장상장법인,661,금융 지원 서비스업,KRW,         금융자산신용손실,"312,509,208,479","14,321,672,640","5,242,982,662",
손익계산서,016360,삼성증권,유가증권시장상장법인,661,금융 지원 서비스업,KRW,         금융자산신용손실환입,"5,057,641,711","4,747,657,681","5,424,427,105",
손익계산서,016360,삼성증권,유가증권시장상장법인,661,금융 지원 서비스업,KRW,      당기순이익,"547,405,708,396","422,405,108,435","965,338,208,537",
손익계산서,016360,삼성증권,유가증권시장상장법인,661,금융 지원 서비스업,KRW,      비지배지분순이익,0,0,0,
손익계산서,016360,삼성증권,유가증권시장상장법인,661,금융 지원 서비스업,KRW,      지배기업소유주지분순이익,"547,405,708,396","422,405,108,435","965,338,208,537",
손익계산서,016360,삼성증권,유가증권시장상장법인,661,금융 지원 서비스업,KRW,      법인세비용차감전순이익,"746,814,559,536","574,730,150,235","1,327,170,877,340",
손익계산서,016360,삼성증권,유가증권시장상장법인,661,금융 지원 서비스업,KRW,      영업이익,"741,117,973,834","578,093,894,808","1,308,683,292,414",
손익계산서,016360,삼성증권,유가증권시장상장법인,661,금융 지원 서비스업,KRW,      판매비와관리비,"424,696,110,226","398,163,641,491","393,999,781,102",
손익계산서,001290,상상인증권,유가증권시장상장법인,661,금융 지원 서비스업,KRW,      당기손익-공정가치측정금융상품관련이익 (주32),"95,418,658,650","10,492,487,374","9,434,420,891",
손익계산서,001290,상상인증권,유가증권시장상장법인,661,금융 지원 서비스업,KRW,      당기손익-공정가치측정금융상품관련손실 (주32),"79,447,234,527","9,677,681,032","2,349,903,796",
손익계산서,001290,상상인증권,유가증권시장상장법인,661,금융 지원 서비스업,KRW,"      영업외비용 (주36,42)","369,054,287","813,498,207","6,951,081,509",
손익계산서,001290,상상인증권,유가증권시장상장법인,661,금융 지원 서비스업,KRW,"      영업외수익 (주36,42)","99,282,046","5,151,889,872","3,258,632,911",
손익계산서,001290,상상인증권,유가증권시장상장법인,661,금융 지원 서비스업,KRW,      기타영업비용 (주35),"262,959,111","45,532,859","16,081,707",
손익계산서,001290,상상인증권,유가증권시장상장법인,661,금융 지원 서비스업,KRW,      기타영업수익 (주35),"939,031,190","794,911,164","1,164,919,825",
손익계산서,001290,상상인증권,유가증권시장상장법인,661,금융 지원 서비스업,KRW,      대출채권 평가 및 처분손실 (주33),"6,691,543,004","2,587,858,319","216,293,315",
손익계산서,001290,상상인증권,유가증권시장상장법인,661,금융 지원 서비스업,KRW,      포괄손익,"7,920,556,111","17,757,803,516","20,297,010,990",
손익계산서,001290,상상인증권,유가증권시장상장법인,661,금융 지원 서비스업,KRW,         비지배지분에 귀속되는 총포괄손익,0,0,"12,383,680",
손익계산서,001290,상상인증권,유가증권시장상장법인,661,금융 지원 서비스업,KRW,         지배기업의 소유주에게 귀속되는 총포괄손익,"7,920,556,111","17,757,803,516","20,284,627,310",
손익계산서,001290,상상인증권,유가증권시장상장법인,661,금융 지원 서비스업,KRW,         기본주당이익 (주37),5,35,95,
손익계산서,001290,상상인증권,유가증권시장상장법인,661,금융 지원 서비스업,KRW,         희석주당이익 (주37),5,35,92,
손익계산서,001290,상상인증권,유가증권시장상장법인,661,금융 지원 서비스업,KRW,      수수료비용 (주31),"3,849,565,156","808,710,392","1,831,340,460",
손익계산서,001290,상상인증권,유가증권시장상장법인,661,금융 지원 서비스업,KRW,      수수료수익 (주31),"33,245,989,227","23,640,208,953","25,497,099,187",
손익계산서,001290,상상인증권,유가증권시장상장법인,661,금융 지원 서비스업,KRW,"      법인세비용(수익) (주26,42)","204,718,846","-189,786,473","1,119,541,454",
손익계산서,001290,상상인증권,유가증권시장상장법인,661,금융 지원 서비스업,KRW,      이자비용 (주6),"37,792,416,219","5,779,046,208","3,890,911,289",
손익계산서,001290,상상인증권,유가증권시장상장법인,661,금융 지원 서비스업,KRW,      영업비용 (주41.42),"181,227,152,996","51,945,194,732","34,407,505,707",
손익계산서,001290,상상인증권,유가증권시장상장법인,661,금융 지원 서비스업,KRW,      기타포괄손익,"7,433,319,660","14,076,902,384","11,316,422,789",
손익계산서,001290,상상인증권,유가증권시장상장법인,661,금융 지원 서비스업,KRW,"            기타포괄손익-공정가치측정지분상품평가손익 (주5,9)","7,433,319,660","14,076,902,384","11,316,422,789",
손익계산서,001290,상상인증권,유가증권시장상장법인,661,금융 지원 서비스업,KRW,      당기순이익 (주42),"487,236,451","3,680,901,132","8,980,588,201",
손익계산서,001290,상상인증권,유가증권시장상장법인,661,금융 지원 서비스업,KRW,      비지배지분순이익,0,0,"12,383,680",
손익계산서,001290,상상인증권,유가증권시장상장법인,661,금융 지원 서비스업,KRW,      지배기업소유주지분순이익,"487,236,451","3,680,901,132","8,968,204,521",
손익계산서,001290,상상인증권,유가증권시장상장법인,661,금융 지원 서비스업,KRW,      법인세차감전순이익,"691,955,297","3,491,114,659","10,100,129,655",
손익계산서,001290,상상인증권,유가증권시장상장법인,661,금융 지원 서비스업,KRW,      영업이익(손실),"961,727,538","-847,277,006","13,792,578,253",
손익계산서,001290,상상인증권,유가증권시장상장법인,661,금융 지원 서비스업,KRW,"      영업수익 (주41,42)","182,188,880,534","51,097,917,726","48,200,083,960",
손익계산서,001290,상상인증권,유가증권시장상장법인,661,금융 지원 서비스업,KRW,      배당수익 (주5),"3,801,693,253","3,695,278,158","2,704,490,722",
손익계산서,001290,상상인증권,유가증권시장상장법인,661,금융 지원 서비스업,KRW,      이자수익 (주6),"48,445,576,458","12,337,557,202","9,215,553,593",
손익계산서,001290,상상인증권,유가증권시장상장법인,661,금융 지원 서비스업,KRW,         (2) 당기손익-공정가치로 측정하는 금융자산의 이자수익,"34,414,765,868","5,753,295,331","2,936,532,927",
손익계산서,001290,상상인증권,유가증권시장상장법인,661,금융 지원 서비스업,KRW,         (1) 유효이자율적용이자수익,"14,030,810,590","6,584,261,871","6,279,020,666",
손익계산서,001290,상상인증권,유가증권시장상장법인,661,금융 지원 서비스업,KRW,            상각후원가측정금융자산관련이자수익,"14,030,810,590","6,584,261,871","6,279,020,666",
손익계산서,001290,상상인증권,유가증권시장상장법인,661,금융 지원 서비스업,KRW,      대출채권평가 및 처분이익 (주33),"337,931,756","137,474,875","183,599,742",
손익계산서,001290,상상인증권,유가증권시장상장법인,661,금융 지원 서비스업,KRW,      판매비와관리비 (주34),"53,183,434,979","33,046,365,922","26,102,975,140",
손익계산서,008670,신한투자증권,기타법인,661,금융 지원 서비스업,KRW,      영업외비용,"225,888,000,000","188,658,000,000","318,749,000,000",
손익계산서,008670,신한투자증권,기타법인,661,금융 지원 서비스업,KRW,      영업외수익,"109,905,000,000","625,324,000,000","148,640,000,000",
손익계산서,008670,신한투자증권,기타법인,661,금융 지원 서비스업,KRW,      기타의영업비용,"58,676,000,000","21,909,000,000","12,046,000,000",
손익계산서,008670,신한투자증권,기타법인,661,금융 지원 서비스업,KRW,      기타의영업수익,"77,355,000,000","66,084,000,000","64,905,000,000",
손익계산서,008670,신한투자증권,기타법인,661,금융 지원 서비스업,KRW,      기타포괄손익-공정가치측정금융상품관련이익,"9,341,000,000","588,000,000","8,450,000,000",
손익계산서,008670,신한투자증권,기타법인,661,금융 지원 서비스업,KRW,      당기손익-공정가치측정금융상품관련이익,"6,771,817,000,000","7,497,291,000,000","5,348,644,000,000",
손익계산서,008670,신한투자증권,기타법인,661,금융 지원 서비스업,KRW,      기타포괄손익-공정가치측정금융상품관련손실,"16,031,000,000","15,356,000,000","19,287,000,000",
손익계산서,008670,신한투자증권,기타법인,661,금융 지원 서비스업,KRW,      당기손익-공정가치측정금융상품관련손실,"6,589,478,000,000","7,453,226,000,000","4,970,767,000,000",
손익계산서,008670,신한투자증권,기타법인,661,금융 지원 서비스업,KRW,      신용손실충당금전입액,"152,725,000,000","1,252,000,000","82,399,000,000",
손익계산서,008670,신한투자증권,기타법인,661,금융 지원 서비스업,KRW,      총포괄이익,"128,378,000,000","427,451,000,000","366,000,000,000",
손익계산서,008670,신한투자증권,기타법인,661,금융 지원 서비스업,KRW,         비지배기업소유지분총포괄이익,"-75,000,000","-157,000,000","-122,000,000",
손익계산서,008670,신한투자증권,기타법인,661,금융 지원 서비스업,KRW,         지배기업소유지분총포괄이익,"128,453,000,000","427,608,000,000","366,122,000,000",
손익계산서,008670,신한투자증권,기타법인,661,금융 지원 서비스업,KRW,      수수료비용,"160,380,000,000","157,120,000,000","173,099,000,000",
손익계산서,008670,신한투자증권,기타법인,661,금융 지원 서비스업,KRW,      수수료수익,"690,008,000,000","671,605,000,000","813,068,000,000",
손익계산서,008670,신한투자증권,기타법인,661,금융 지원 서비스업,KRW,      외환거래이익,"998,980,000,000","1,368,951,000,000","685,489,000,000",
손익계산서,008670,신한투자증권,기타법인,661,금융 지원 서비스업,KRW,      외환거래손실,"1,011,382,000,000","1,544,504,000,000","792,996,000,000",
손익계산서,008670,신한투자증권,기타법인,661,금융 지원 서비스업,KRW,      법인세비용,"36,240,000,000","145,302,000,000","94,863,000,000",
손익계산서,008670,신한투자증권,기타법인,661,금융 지원 서비스업,KRW,      이자비용,"955,644,000,000","514,108,000,000","221,668,000,000",
손익계산서,008670,신한투자증권,기타법인,661,금융 지원 서비스업,KRW,      영업비용,"9,694,337,000,000","10,427,867,000,000","7,006,716,000,000",
손익계산서,008670,신한투자증권,기타법인,661,금융 지원 서비스업,KRW,      기타포괄손익,"27,538,000,000","15,112,000,000","45,338,000,000",
손익계산서,008670,신한투자증권,기타법인,661,금융 지원 서비스업,KRW,            법인세효과,"-16,288,000,000","8,969,000,000","-4,267,000,000",
손익계산서,008670,신한투자증권,기타법인,661,금융 지원 서비스업,KRW,            해외사업환산손익,"7,500,000,000","11,377,000,000","34,452,000,000",
손익계산서,008670,신한투자증권,기타법인,661,금융 지원 서비스업,KRW,            기타포괄손익-공정가치측정금융상품평가손익,"56,298,000,000","-25,313,000,000","-10,527,000,000",
손익계산서,008670,신한투자증권,기타법인,661,금융 지원 서비스업,KRW,            지분법자본변동,0,"-7,333,000,000","7,686,000,000",
손익계산서,008670,신한투자증권,기타법인,661,금융 지원 서비스업,KRW,            법인세효과,"7,440,000,000","-7,596,000,000","-6,825,000,000",
손익계산서,008670,신한투자증권,기타법인,661,금융 지원 서비스업,KRW,            당기손익-공정가치측정지정금융부채의 자기신용위험 조정,"4,012,000,000","-5,919,000,000","-1,526,000,000",
손익계산서,008670,신한투자증권,기타법인,661,금융 지원 서비스업,KRW,            기타포괄손익-공정가치측정금융상품평가손익,"-30,020,000,000","40,927,000,000","26,345,000,000",
손익계산서,008670,신한투자증권,기타법인,661,금융 지원 서비스업,KRW,            퇴직급여부채의 보험수리적손익,"-1,404,000,000",0,0,
손익계산서,008670,신한투자증권,기타법인,661,금융 지원 서비스업,KRW,      당기순이익,"100,840,000,000","412,339,000,000","320,662,000,000",
손익계산서,008670,신한투자증권,기타법인,661,금융 지원 서비스업,KRW,      비지배기업소유지분순이익,"-75,000,000","-157,000,000","-122,000,000",
손익계산서,008670,신한투자증권,기타법인,661,금융 지원 서비스업,KRW,      지배기업소유주지분순이익,"100,915,000,000","412,496,000,000","320,784,000,000",
손익계산서,008670,신한투자증권,기타법인,661,금융 지원 서비스업,KRW,      법인세비용차감전순이익,"137,080,000,000","557,641,000,000","415,525,000,000",
손익계산서,008670,신한투자증권,기타법인,661,금융 지원 서비스업,KRW,      영업이익,"253,063,000,000","120,975,000,000","585,634,000,000",
손익계산서,008670,신한투자증권,기타법인,661,금융 지원 서비스업,KRW,      영업수익,"9,947,400,000,000","10,548,842,000,000","7,592,350,000,000",
손익계산서,008670,신한투자증권,기타법인,661,금융 지원 서비스업,KRW,      이자수익,"1,399,320,000,000","942,527,000,000","669,530,000,000",
손익계산서,008670,신한투자증권,기타법인,661,금융 지원 서비스업,KRW,         당기손익-공정가치측정금융상품이자수익,"766,297,000,000","469,601,000,000","341,348,000,000",
손익계산서,008670,신한투자증권,기타법인,661,금융 지원 서비스업,KRW,         유효이자율적용이자수익,"633,023,000,000","472,926,000,000","328,182,000,000",
손익계산서,008670,신한투자증권,기타법인,661,금융 지원 서비스업,KRW,      신용손실충당금환입액,"579,000,000","1,796,000,000","2,264,000,000",
손익계산서,008670,신한투자증권,기타법인,661,금융 지원 서비스업,KRW,      판매비와관리비,"750,021,000,000","720,392,000,000","734,454,000,000",
손익계산서,003470,유안타증권,유가증권시장상장법인,661,금융 지원 서비스업,KRW,      금융상품평가및처분이익,"1,878,734,273,000","1,601,247,604,000","1,371,299,149,000",
손익계산서,003470,유안타증권,유가증권시장상장법인,661,금융 지원 서비스업,KRW,         당기손익인식지정금융부채평가이익,"14,185,794,000","166,338,704,000","50,874,786,000",
손익계산서,003470,유안타증권,유가증권시장상장법인,661,금융 지원 서비스업,KRW,         기타포괄손익-공정가치측정채무증권처분이익,"130,533,000",0,0,
손익계산서,003470,유안타증권,유가증권시장상장법인,661,금융 지원 서비스업,KRW,         파생상품거래이익,"1,111,202,819,000","992,166,312,000","828,168,968,000",
손익계산서,003470,유안타증권,유가증권시장상장법인,661,금융 지원 서비스업,KRW,         단기매매금융부채평가이익,"3,207,094,000","16,715,014,000","4,720,135,000",
손익계산서,003470,유안타증권,유가증권시장상장법인,661,금융 지원 서비스업,KRW,         상각후원가채무상품손상차손환입,0,"3,028,000",0,
손익계산서,003470,유안타증권,유가증권시장상장법인,661,금융 지원 서비스업,KRW,         기타포괄손익-공정가치측정증권손상차손환입,0,"24,426,000","24,302,000",
손익계산서,003470,유안타증권,유가증권시장상장법인,661,금융 지원 서비스업,KRW,         당기손익-공정가치측정복합금융자산처분이익,"5,333,944,000","1,798,804,000","6,989,685,000",
손익계산서,003470,유안타증권,유가증권시장상장법인,661,금융 지원 서비스업,KRW,         당기손익-공정가치측정금융자산처분이익,"326,955,578,000","114,916,505,000","181,548,401,000",
손익계산서,003470,유안타증권,유가증권시장상장법인,661,금융 지원 서비스업,KRW,         당기손익인식지정금융부채상환이익,"2,481,058,000","329,462,000","1,913,598,000",
손익계산서,003470,유안타증권,유가증권시장상장법인,661,금융 지원 서비스업,KRW,         단기매매금융부채상환이익,"13,141,345,000","27,388,324,000","23,455,807,000",
손익계산서,003470,유안타증권,유가증권시장상장법인,661,금융 지원 서비스업,KRW,         당기손익-공정가치측정복합금융자산평가이익,"10,296,187,000","3,236,895,000","1,973,855,000",
손익계산서,003470,유안타증권,유가증권시장상장법인,661,금융 지원 서비스업,KRW,         당기손익-공정가치측정금융자산평가이익,"175,807,009,000","65,679,090,000","54,740,362,000",
손익계산서,003470,유안타증권,유가증권시장상장법인,661,금융 지원 서비스업,KRW,         기타당기손익-공정가치측정금융자산평가이익,"18,099,475,000","3,259,497,000","122,360,449,000",
손익계산서,003470,유안타증권,유가증권시장상장법인,661,금융 지원 서비스업,KRW,         기타당기손익-공정가치측정금융자산처분이익,"17,017,000","17,343,000","360,437,000",
손익계산서,003470,유안타증권,유가증권시장상장법인,661,금융 지원 서비스업,KRW,         파생상품평가이익,"197,876,420,000","209,374,200,000","94,168,364,000",
손익계산서,003470,유안타증권,유가증권시장상장법인,661,금융 지원 서비스업,KRW,      금융상품평가및처분손실,"1,776,632,184,000","1,624,611,280,000","1,257,963,549,000",
손익계산서,003470,유안타증권,유가증권시장상장법인,661,금융 지원 서비스업,KRW,         상각후원가측정증권손상차손,"18,000",0,"4,054,000",
손익계산서,003470,유안타증권,유가증권시장상장법인,661,금융 지원 서비스업,KRW,         기타포괄손익-공정가치측정증권손상차손,"24,190,000",0,0,
손익계산서,003470,유안타증권,유가증권시장상장법인,661,금융 지원 서비스업,KRW,         당기손익인식지정금융부채평가손실,"126,471,082,000","26,228,928,000","28,570,199,000",
손익계산서,003470,유안타증권,유가증권시장상장법인,661,금융 지원 서비스업,KRW,         기타포괄손익-공정가치측정채무증권처분손실,"27,103,000",0,0,
손익계산서,003470,유안타증권,유가증권시장상장법인,661,금융 지원 서비스업,KRW,         파생상품거래손실,"1,007,532,272,000","1,002,871,205,000","805,041,579,000",
손익계산서,003470,유안타증권,유가증권시장상장법인,661,금융 지원 서비스업,KRW,         당기손익-공정가치측정복합금융자산처분손실,"9,789,000","712,000","1,849,062,000",
손익계산서,003470,유안타증권,유가증권시장상장법인,661,금융 지원 서비스업,KRW,         당기손익-공정가치측정금융자산처분손실,"254,772,644,000","121,720,073,000","138,142,768,000",
손익계산서,003470,유안타증권,유가증권시장상장법인,661,금융 지원 서비스업,KRW,         당기손익인식지정금융부채상환손실,"144,026,133,000","72,654,019,000","91,723,226,000",
손익계산서,003470,유안타증권,유가증권시장상장법인,661,금융 지원 서비스업,KRW,         단기매매금융부채상환손실,"26,665,910,000","14,752,669,000","35,151,014,000",
손익계산서,003470,유안타증권,유가증권시장상장법인,661,금융 지원 서비스업,KRW,         당기손익-공정가치측정복합금융자산평가손실,"3,653,710,000","12,379,479,000","3,418,359,000",
손익계산서,003470,유안타증권,유가증권시장상장법인,661,금융 지원 서비스업,KRW,         당기손익-공정가치측정금융자산평가손실,"15,905,305,000","45,218,011,000","23,371,092,000",
손익계산서,003470,유안타증권,유가증권시장상장법인,661,금융 지원 서비스업,KRW,         기타당기손익-공정가치측정금융자산평가손실,"3,752,700,000","82,453,032,000","2,405,628,000",
손익계산서,003470,유안타증권,유가증권시장상장법인,661,금융 지원 서비스업,KRW,         기타당기손익-공정가치측정금융자산처분손실,"175,197,000","8,906,701,000","447,015,000",
손익계산서,003470,유안타증권,유가증권시장상장법인,661,금융 지원 서비스업,KRW,         단기매매금융부채평가손실,"43,028,138,000","2,220,901,000","760,554,000",
손익계산서,003470,유안타증권,유가증권시장상장법인,661,금융 지원 서비스업,KRW,         파생상품평가손실,"150,587,993,000","235,205,550,000","127,078,999,000",
손익계산서,003470,유안타증권,유가증권시장상장법인,661,금융 지원 서비스업,KRW,      V. 영업외비용,"46,578,854,000","14,039,253,000","152,988,875,000",
손익계산서,003470,유안타증권,유가증권시장상장법인,661,금융 지원 서비스업,KRW,         지분법손실,"11,935,591,000","2,785,706,000","768,746,000",
손익계산서,003470,유안타증권,유가증권시장상장법인,661,금융 지원 서비스업,KRW,         기타영업외비용,"34,405,421,000","11,234,572,000","152,205,323,000",
손익계산서,003470,유안타증권,유가증권시장상장법인,661,금융 지원 서비스업,KRW,         자산처분손실,"237,842,000","18,975,000","14,806,000",
손익계산서,003470,유안타증권,유가증권시장상장법인,661,금융 지원 서비스업,KRW,      IV. 영업외수익,"8,541,491,000","33,922,341,000","31,284,756,000",
손익계산서,003470,유안타증권,유가증권시장상장법인,661,금융 지원 서비스업,KRW,         기타영업외수익,"6,117,239,000","13,260,423,000","9,697,781,000",
손익계산서,003470,유안타증권,유가증권시장상장법인,661,금융 지원 서비스업,KRW,         지분법이익,"2,189,296,000","11,190,560,000","20,645,748,000",
손익계산서,003470,유안타증권,유가증권시장상장법인,661,금융 지원 서비스업,KRW,         자산처분이익,"234,956,000","9,471,358,000","941,227,000",
손익계산서,003470,유안타증권,유가증권시장상장법인,661,금융 지원 서비스업,KRW,      기타영업비용,"68,502,669,000","87,814,514,000","82,051,695,000",
손익계산서,003470,유안타증권,유가증권시장상장법인,661,금융 지원 서비스업,KRW,         기타대손상각비,0,"799,315,000","22,610,000",
손익계산서,003470,유안타증권,유가증권시장상장법인,661,금융 지원 서비스업,KRW,         충당부채전입액,"85,000",0,"363,771,000",
손익계산서,003470,유안타증권,유가증권시장상장법인,661,금융 지원 서비스업,KRW,         기타의영업비용,"68,502,584,000","87,015,199,000","81,665,314,000",
손익계산서,003470,유안타증권,유가증권시장상장법인,661,금융 지원 서비스업,KRW,      기타영업수익,"94,190,670,000","148,788,738,000","159,870,152,000",
손익계산서,003470,유안타증권,유가증권시장상장법인,661,금융 지원 서비스업,KRW,         기타대손충당금환입,"1,299,625,000",0,0,
손익계산서,003470,유안타증권,유가증권시장상장법인,661,금융 지원 서비스업,KRW,         분배금수익,"6,680,063,000","6,628,670,000","26,679,995,000",
손익계산서,003470,유안타증권,유가증권시장상장법인,661,금융 지원 서비스업,KRW,         충당부채환입액,"1,298,116,000","2,249,108,000","1,323,145,000",
손익계산서,003470,유안타증권,유가증권시장상장법인,661,금융 지원 서비스업,KRW,         기타의영업수익,"76,973,555,000","133,317,462,000","124,092,012,000",
손익계산서,003470,유안타증권,유가증권시장상장법인,661,금융 지원 서비스업,KRW,         배당금수익,"7,939,311,000","6,593,498,000","7,775,000,000",
손익계산서,003470,유안타증권,유가증권시장상장법인,661,금융 지원 서비스업,KRW,      대출채권평가및처분손실,"10,467,358,000","2,731,430,000",0,
손익계산서,003470,유안타증권,유가증권시장상장법인,661,금융 지원 서비스업,KRW,         대손상각비,"10,308,358,000","2,290,768,000",0,
손익계산서,003470,유안타증권,유가증권시장상장법인,661,금융 지원 서비스업,KRW,         대출채권처분손실,"159,000,000","440,662,000",0,
손익계산서,003470,유안타증권,유가증권시장상장법인,661,금융 지원 서비스업,KRW,      대출채권평가및처분이익,"1,113,462,000","876,650,000","7,362,447,000",
손익계산서,003470,유안타증권,유가증권시장상장법인,661,금융 지원 서비스업,KRW,         대출채권처분이익,"1,113,462,000","876,650,000","3,990,000,000",
손익계산서,003470,유안타증권,유가증권시장상장법인,661,금융 지원 서비스업,KRW,         기타대출채권처분이익,0,0,"2,534,655,000",
손익계산서,003470,유안타증권,유가증권시장상장법인,661,금융 지원 서비스업,KRW,         대손충당금환입,0,0,"837,792,000",
손익계산서,003470,유안타증권,유가증권시장상장법인,661,금융 지원 서비스업,KRW,      X. 당기총포괄이익,"67,637,521,000","69,951,738,000","164,384,476,000",
손익계산서,003470,유안타증권,유가증권시장상장법인,661,금융 지원 서비스업,KRW,         비지배지분총포괄손익,0,0,0,
손익계산서,003470,유안타증권,유가증권시장상장법인,661,금융 지원 서비스업,KRW,         지배기업주주지분총포괄손익,"67,637,521,000","69,951,738,000","164,384,476,000",
손익계산서,003470,유안타증권,유가증권시장상장법인,661,금융 지원 서비스업,KRW,         비지배지분순손익,0,0,0,
손익계산서,003470,유안타증권,유가증권시장상장법인,661,금융 지원 서비스업,KRW,         지배기업주주지분순손익,"64,427,517,000","45,073,044,000","150,628,495,000",
손익계산서,003470,유안타증권,유가증권시장상장법인,661,금융 지원 서비스업,KRW,         기본우선주당순이익(손실),529,369,949,
손익계산서,003470,유안타증권,유가증권시장상장법인,661,금융 지원 서비스업,KRW,         기본보통주당순이익(손실),299,209,719,
손익계산서,003470,유안타증권,유가증권시장상장법인,661,금융 지원 서비스업,KRW,         희석보통주당순이익(손실),0,209,674,
손익계산서,003470,유안타증권,유가증권시장상장법인,661,금융 지원 서비스업,KRW,      수수료비용,"28,248,422,000","28,495,513,000","35,092,317,000",
손익계산서,003470,유안타증권,유가증권시장상장법인,661,금융 지원 서비스업,KRW,      수수료수익,"282,764,110,000","255,920,500,000","432,499,180,000",
손익계산서,003470,유안타증권,유가증권시장상장법인,661,금융 지원 서비스업,KRW,      외환거래이익,"186,876,419,000","194,004,666,000","117,848,039,000",
손익계산서,003470,유안타증권,유가증권시장상장법인,661,금융 지원 서비스업,KRW,      외환거래손실,"188,932,484,000","184,204,024,000","114,794,131,000",
손익계산서,003470,유안타증권,유가증권시장상장법인,661,금융 지원 서비스업,KRW,      VII. 법인세비용(수익),"26,660,046,000","18,121,215,000","49,091,799,000",
손익계산서,003470,유안타증권,유가증권시장상장법인,661,금융 지원 서비스업,KRW,      이자비용,"272,307,710,000","165,873,111,000","64,377,950,000",
손익계산서,003470,유안타증권,유가증권시장상장법인,661,금융 지원 서비스업,KRW,      Ⅱ. 영업비용,"2,725,878,390,000","2,435,697,144,000","1,987,540,663,000",
손익계산서,003470,유안타증권,유가증권시장상장법인,661,금융 지원 서비스업,KRW,      IX. 세후기타포괄손익,"3,210,004,000","24,878,694,000","13,755,981,000",
손익계산서,003470,유안타증권,유가증권시장상장법인,661,금융 지원 서비스업,KRW,            기타포괄손익-공정가치측정채무증권평가손익,"1,322,328,000","268,937,000","62,523,000",
손익계산서,003470,유안타증권,유가증권시장상장법인,661,금융 지원 서비스업,KRW,            해외사업환산손익,"261,633,000","1,060,608,000","1,335,549,000",
손익계산서,003470,유안타증권,유가증권시장상장법인,661,금융 지원 서비스업,KRW,            지분법자본변동,"-31,111,000","29,516,000","-30,800,000",
손익계산서,003470,유안타증권,유가증권시장상장법인,661,금융 지원 서비스업,KRW,            당기손익-공정가치 지정금융부채 자기신용위험 변동손익,"379,072,000","-246,795,000","141,428,000",
손익계산서,003470,유안타증권,유가증권시장상장법인,661,금융 지원 서비스업,KRW,            기타포괄손익-공정가치측정지분증권평가손익,"6,903,861,000","16,732,967,000","11,494,556,000",
손익계산서,003470,유안타증권,유가증권시장상장법인,661,금융 지원 서비스업,KRW,            당기손익-공정가치 지정금융부채 자기신용위험 처분손익,"-275,181,000","-20,643,000","-296,132,000",
손익계산서,003470,유안타증권,유가증권시장상장법인,661,금융 지원 서비스업,KRW,            기타포괄손익-공정가치측정지분증권처분손익,"40,093,000","37,001,000","92,917,000",
손익계산서,003470,유안타증권,유가증권시장상장법인,661,금융 지원 서비스업,KRW,            순확정급여제도의재측정요소,"-5,390,691,000","7,017,103,000","955,940,000",
손익계산서,003470,유안타증권,유가증권시장상장법인,661,금융 지원 서비스업,KRW,      VIII. 당기순이익(손실),"64,427,517,000","45,073,044,000","150,628,495,000",
손익계산서,003470,유안타증권,유가증권시장상장법인,661,금융 지원 서비스업,KRW,      VI. 법인세비용차감전순손익,"91,087,563,000","63,194,259,000","199,720,294,000",
손익계산서,003470,유안타증권,유가증권시장상장법인,661,금융 지원 서비스업,KRW,      III. 영업이익(손실),"129,124,926,000","43,311,171,000","321,424,413,000",
손익계산서,003470,유안타증권,유가증권시장상장법인,661,금융 지원 서비스업,KRW,      I. 영업수익,"2,855,003,316,000","2,479,008,315,000","2,308,965,076,000",
손익계산서,003470,유안타증권,유가증권시장상장법인,661,금융 지원 서비스업,KRW,      이자수익,"411,324,382,000","278,170,157,000","220,086,109,000",
손익계산서,003470,유안타증권,유가증권시장상장법인,661,금융 지원 서비스업,KRW,      판매비와관리비,"380,787,563,000","341,967,272,000","433,261,021,000",
손익계산서,003470,유안타증권,유가증권시장상장법인,661,금융 지원 서비스업,KRW,         광고선전비,"3,509,017,000","3,473,527,000","8,300,567,000",
손익계산서,003470,유안타증권,유가증권시장상장법인,661,금융 지원 서비스업,KRW,         무형자산상각비,"4,708,002,000","3,406,507,000","2,826,153,000",
손익계산서,003470,유안타증권,유가증권시장상장법인,661,금융 지원 서비스업,KRW,         지급수수료,"23,066,394,000","29,035,260,000","24,023,375,000",
손익계산서,003470,유안타증권,유가증권시장상장법인,661,금융 지원 서비스업,KRW,         감가상각비,"26,008,616,000","23,975,180,000","24,114,424,000",
손익계산서,003470,유안타증권,유가증권시장상장법인,661,금융 지원 서비스업,KRW,         전산운용비,"19,578,782,000","17,691,102,000","16,247,543,000",
손익계산서,003470,유안타증권,유가증권시장상장법인,661,금융 지원 서비스업,KRW,         복리후생비,"28,233,280,000","26,191,193,000","28,478,152,000",
손익계산서,003470,유안타증권,유가증권시장상장법인,661,금융 지원 서비스업,KRW,         접대비,"6,149,597,000","5,688,654,000","4,775,592,000",
손익계산서,003470,유안타증권,유가증권시장상장법인,661,금융 지원 서비스업,KRW,         기타,"19,242,953,000","20,180,461,000","20,592,640,000",
손익계산서,003470,유안타증권,유가증권시장상장법인,661,금융 지원 서비스업,KRW,         퇴직급여,"24,162,688,000","18,118,723,000","18,097,800,000",
손익계산서,003470,유안타증권,유가증권시장상장법인,661,금융 지원 서비스업,KRW,         임차료,"6,701,457,000","5,818,600,000","5,066,313,000",
손익계산서,003470,유안타증권,유가증권시장상장법인,661,금융 지원 서비스업,KRW,         조사연구비,"76,302,000","46,723,000","38,033,000",
손익계산서,003470,유안타증권,유가증권시장상장법인,661,금융 지원 서비스업,KRW,         급여,"202,668,800,000","173,057,729,000","261,125,096,000",
손익계산서,003470,유안타증권,유가증권시장상장법인,661,금융 지원 서비스업,KRW,         세금과공과금,"16,397,216,000","14,953,286,000","19,431,181,000",
손익계산서,003470,유안타증권,유가증권시장상장법인,661,금융 지원 서비스업,KRW,         연수비,"284,459,000","330,327,000","144,152,000",
손익계산서,001200,유진증권,유가증권시장상장법인,661,금융 지원 서비스업,KRW,      당기손익-공정가치측정금융상품관련이익,"680,413,854,896","642,211,082,005","504,314,381,888",
손익계산서,001200,유진증권,유가증권시장상장법인,661,금융 지원 서비스업,KRW,      파생상품거래이익,"476,239,861,037","687,389,001,798","367,360,058,131",
손익계산서,001200,유진증권,유가증권시장상장법인,661,금융 지원 서비스업,KRW,      상각후원가측정금융상품관련손실,"33,444,917,849","13,563,859,016","12,483,373,253",
손익계산서,001200,유진증권,유가증권시장상장법인,661,금융 지원 서비스업,KRW,      당기손익-공정가치측정금융상품관련손실,"645,804,765,500","786,864,009,962","547,473,153,446",
손익계산서,001200,유진증권,유가증권시장상장법인,661,금융 지원 서비스업,KRW,      파생상품거래손실,"444,648,063,021","577,413,925,351","319,906,603,298",
손익계산서,001200,유진증권,유가증권시장상장법인,661,금융 지원 서비스업,KRW,      영업외비용,"1,970,009,497","1,756,615,148","2,245,924,540",
손익계산서,001200,유진증권,유가증권시장상장법인,661,금융 지원 서비스업,KRW,      영업외수익,"8,640,677,757","8,850,528,767","6,355,230,030",
손익계산서,001200,유진증권,유가증권시장상장법인,661,금융 지원 서비스업,KRW,      기타영업비용,"9,850,530,064","6,281,934,055","841,666,480",
손익계산서,001200,유진증권,유가증권시장상장법인,661,금융 지원 서비스업,KRW,      기타영업수익,"23,162,497,916","21,684,740,909","19,384,974,712",
손익계산서,001200,유진증권,유가증권시장상장법인,661,금융 지원 서비스업,KRW,      총포괄이익(손실),"41,771,028,943","33,048,950,797","107,237,246,596",
손익계산서,001200,유진증권,유가증권시장상장법인,661,금융 지원 서비스업,KRW,         지배기업지분총포괄손익,"41,771,028,943","33,048,950,797","107,237,246,596",
손익계산서,001200,유진증권,유가증권시장상장법인,661,금융 지원 서비스업,KRW,         기본주당이익(손실),334,168,966,
손익계산서,001200,유진증권,유가증권시장상장법인,661,금융 지원 서비스업,KRW,         희석주당이익(손실),334,168,966,
손익계산서,001200,유진증권,유가증권시장상장법인,661,금융 지원 서비스업,KRW,      수수료비용,"31,286,757,440","35,028,041,479","55,663,389,390",
손익계산서,001200,유진증권,유가증권시장상장법인,661,금융 지원 서비스업,KRW,      수수료수익,"192,655,435,965","239,132,013,540","284,130,646,281",
손익계산서,001200,유진증권,유가증권시장상장법인,661,금융 지원 서비스업,KRW,      외환거래이익,"27,194,156,007","40,967,476,225","29,326,526,411",
손익계산서,001200,유진증권,유가증권시장상장법인,661,금융 지원 서비스업,KRW,      외환거래손실,"24,244,919,260","26,921,680,453","11,180,473,877",
손익계산서,001200,유진증권,유가증권시장상장법인,661,금융 지원 서비스업,KRW,      법인세비용(수익),"3,013,567,869","9,544,158,439","30,449,505,000",
손익계산서,001200,유진증권,유가증권시장상장법인,661,금융 지원 서비스업,KRW,      이자비용,"184,238,088,254","109,433,153,473","55,305,668,048",
손익계산서,001200,유진증권,유가증권시장상장법인,661,금융 지원 서비스업,KRW,      영업비용,"1,620,623,315,978","1,803,453,954,331","1,253,722,029,390",
손익계산서,001200,유진증권,유가증권시장상장법인,661,금융 지원 서비스업,KRW,      기타포괄손익,"11,074,553,695","17,376,610,771","16,551,537,544",
손익계산서,001200,유진증권,유가증권시장상장법인,661,금융 지원 서비스업,KRW,            지분법자본변동,"100,418,248","42,645,139","-353,030,393",
손익계산서,001200,유진증권,유가증권시장상장법인,661,금융 지원 서비스업,KRW,            당기손익-공정가치인식지정금융부채 신용위험변동손익,"2,065,151,064","3,656,048,524","382,474,696",
손익계산서,001200,유진증권,유가증권시장상장법인,661,금융 지원 서비스업,KRW,            기타포괄손익-공정가치측정금융상품평가손익,"8,913,562,667","13,689,914,992","16,751,027,380",
손익계산서,001200,유진증권,유가증권시장상장법인,661,금융 지원 서비스업,KRW,            지분법자본변동,"-4,578,284","-11,997,884","-228,934,139",
손익계산서,001200,유진증권,유가증권시장상장법인,661,금융 지원 서비스업,KRW,      당기순이익(손실),"30,696,475,248","15,672,340,026","90,685,709,052",
손익계산서,001200,유진증권,유가증권시장상장법인,661,금융 지원 서비스업,KRW,      지배기업지분순이익,"30,696,475,248","15,672,340,026","90,685,709,052",
손익계산서,001200,유진증권,유가증권시장상장법인,661,금융 지원 서비스업,KRW,      법인세비용차감전순이익(손실),"33,710,043,117","25,216,498,465","121,135,214,052",
손익계산서,001200,유진증권,유가증권시장상장법인,661,금융 지원 서비스업,KRW,      영업이익(손실),"27,039,374,857","18,122,584,846","117,025,908,562",
손익계산서,001200,유진증권,유가증권시장상장법인,661,금융 지원 서비스업,KRW,      영업수익,"1,647,662,690,835","1,821,576,539,177","1,370,747,937,952",
손익계산서,001200,유진증권,유가증권시장상장법인,661,금융 지원 서비스업,KRW,      이자수익,"247,996,885,014","190,192,224,700","166,231,350,529",
손익계산서,001200,유진증권,유가증권시장상장법인,661,금융 지원 서비스업,KRW,         당기손익-공정가치측정금융자산이자수익,"147,224,412,420","114,333,072,872","97,965,121,806",
손익계산서,001200,유진증권,유가증권시장상장법인,661,금융 지원 서비스업,KRW,         유효이자율적용이자수익,"100,772,472,594","75,859,151,828","68,266,228,723",
손익계산서,001200,유진증권,유가증권시장상장법인,661,금융 지원 서비스업,KRW,      판매비와관리비,"247,105,274,590","247,947,350,542","250,867,701,598",
손익계산서,078020,이베스트투자증권,코스닥시장상장법인,661,금융 지원 서비스업,KRW,      지분법손실,"2,603,155,820","7,220,761,650","9,360,597,359",
손익계산서,078020,이베스트투자증권,코스닥시장상장법인,661,금융 지원 서비스업,KRW,      V. 영업외비용,"3,416,254,105","7,672,367,975","10,011,831,487",
손익계산서,078020,이베스트투자증권,코스닥시장상장법인,661,금융 지원 서비스업,KRW,      IV. 영업외수익,"8,567,480,660","6,522,113,707","4,364,891,711",
손익계산서,078020,이베스트투자증권,코스닥시장상장법인,661,금융 지원 서비스업,KRW,      기타의영업비용,"1,671,016,767","28,969,351,272",0,
손익계산서,078020,이베스트투자증권,코스닥시장상장법인,661,금융 지원 서비스업,KRW,      기타의영업수익,"13,991,611,802","16,654,453,112","30,595,467,534",
손익계산서,078020,이베스트투자증권,코스닥시장상장법인,661,금융 지원 서비스업,KRW,      지분법이익,"7,504,030,018","6,023,569,941","3,749,999,359",
손익계산서,078020,이베스트투자증권,코스닥시장상장법인,661,금융 지원 서비스업,KRW,      유형자산관련이익,"72,877,833","43,928,255","155,174,962",
손익계산서,078020,이베스트투자증권,코스닥시장상장법인,661,금융 지원 서비스업,KRW,      파생상품평가및처분이익,"561,708,767,915","583,031,793,794","554,192,650,674",
손익계산서,078020,이베스트투자증권,코스닥시장상장법인,661,금융 지원 서비스업,KRW,      금융상품평가및처분이익,"385,770,548,463","362,678,598,256","539,010,454,896",
손익계산서,078020,이베스트투자증권,코스닥시장상장법인,661,금융 지원 서비스업,KRW,      무형자산관련손실,0,"209,168,895","420,000,000",
손익계산서,078020,이베스트투자증권,코스닥시장상장법인,661,금융 지원 서비스업,KRW,      유형자산관련손실,"2,707,238","7,955,484","109,355,093",
손익계산서,078020,이베스트투자증권,코스닥시장상장법인,661,금융 지원 서비스업,KRW,      (대손준비금 반영후 조정이익),"27,752,937,654","35,862,294,506","153,367,335,419",
손익계산서,078020,이베스트투자증권,코스닥시장상장법인,661,금융 지원 서비스업,KRW,      기타,"990,572,809","434,615,511","266,661,200",
손익계산서,078020,이베스트투자증권,코스닥시장상장법인,661,금융 지원 서비스업,KRW,      무형자산관련이익,0,"20,000,000","193,056,190",
손익계산서,078020,이베스트투자증권,코스닥시장상장법인,661,금융 지원 서비스업,KRW,      파생상품평가및처분손실,"534,298,650,573","547,107,593,829","577,198,833,363",
손익계산서,078020,이베스트투자증권,코스닥시장상장법인,661,금융 지원 서비스업,KRW,      금융상품평가및처분손실,"312,183,302,365","358,875,577,458","383,364,097,689",
손익계산서,078020,이베스트투자증권,코스닥시장상장법인,661,금융 지원 서비스업,KRW,      기타,"810,391,047","234,481,946","121,879,035",
손익계산서,078020,이베스트투자증권,코스닥시장상장법인,661,금융 지원 서비스업,KRW,      신용손실충당금전입액,"68,283,714,770","42,852,088,317","10,931,779,716",
손익계산서,078020,이베스트투자증권,코스닥시장상장법인,661,금융 지원 서비스업,KRW,      X. 당기총포괄손익,"28,660,804,236","29,709,033,982","160,829,586,520",
손익계산서,078020,이베스트투자증권,코스닥시장상장법인,661,금융 지원 서비스업,KRW,         비지배주주지분,0,0,0,
손익계산서,078020,이베스트투자증권,코스닥시장상장법인,661,금융 지원 서비스업,KRW,         지배주주지분,"28,660,804,236","29,709,033,982","160,829,586,520",
손익계산서,078020,이베스트투자증권,코스닥시장상장법인,661,금융 지원 서비스업,KRW,         기본주당손익,423,410,"3,047",
손익계산서,078020,이베스트투자증권,코스닥시장상장법인,661,금융 지원 서비스업,KRW,         희석주당손익,423,410,"2,401",
손익계산서,078020,이베스트투자증권,코스닥시장상장법인,661,금융 지원 서비스업,KRW,      수수료비용,"49,024,725,729","50,397,035,935","59,124,750,125",
손익계산서,078020,이베스트투자증권,코스닥시장상장법인,661,금융 지원 서비스업,KRW,      수수료수익,"133,929,632,077","196,239,387,004","258,458,010,628",
손익계산서,078020,이베스트투자증권,코스닥시장상장법인,661,금융 지원 서비스업,KRW,      외환거래이익,"14,272,188,644","37,448,707,650","31,332,031,435",
손익계산서,078020,이베스트투자증권,코스닥시장상장법인,661,금융 지원 서비스업,KRW,      외환거래손실,"22,427,392,112","37,425,856,199","30,497,540,307",
손익계산서,078020,이베스트투자증권,코스닥시장상장법인,661,금융 지원 서비스업,KRW,      VII. 법인세비용,"9,683,454,239","10,917,486,586","59,301,601,459",
손익계산서,078020,이베스트투자증권,코스닥시장상장법인,661,금융 지원 서비스업,KRW,      이자비용,"163,613,303,257","71,243,219,034","27,598,377,460",
손익계산서,078020,이베스트투자증권,코스닥시장상장법인,661,금융 지원 서비스업,KRW,      II. 영업비용,"1,289,014,639,030","1,306,823,968,837","1,318,767,308,250",
손익계산서,078020,이베스트투자증권,코스닥시장상장법인,661,금융 지원 서비스업,KRW,      IX. 기타포괄손익,0,0,0,
손익계산서,078020,이베스트투자증권,코스닥시장상장법인,661,금융 지원 서비스업,KRW,      VIII. 당기순이익,"28,660,804,236","29,709,033,982","160,829,586,520",
손익계산서,078020,이베스트투자증권,코스닥시장상장법인,661,금융 지원 서비스업,KRW,      비지배주주지분,0,0,0,
손익계산서,078020,이베스트투자증권,코스닥시장상장법인,661,금융 지원 서비스업,KRW,      지배주주지분,"28,660,804,236","29,709,033,982","160,829,586,520",
손익계산서,078020,이베스트투자증권,코스닥시장상장법인,661,금융 지원 서비스업,KRW,      VI. 법인세비용차감전순이익,"38,344,258,475","40,626,520,568","220,131,187,979",
손익계산서,078020,이베스트투자증권,코스닥시장상장법인,661,금융 지원 서비스업,KRW,      III. 영업이익,"33,193,031,920","41,776,774,836","225,778,127,755",
손익계산서,078020,이베스트투자증권,코스닥시장상장법인,661,금융 지원 서비스업,KRW,      I. 영업수익,"1,322,207,670,950","1,348,600,743,673","1,544,545,436,005",
손익계산서,078020,이베스트투자증권,코스닥시장상장법인,661,금융 지원 서비스업,KRW,      이자수익,"205,524,995,839","151,912,364,243","129,773,212,228",
손익계산서,078020,이베스트투자증권,코스닥시장상장법인,661,금융 지원 서비스업,KRW,         기타 이자수익,"96,171,878,827","39,491,983,491","26,286,305,013",
손익계산서,078020,이베스트투자증권,코스닥시장상장법인,661,금융 지원 서비스업,KRW,         유효이자율법으로 인식하는 이자수익,"109,353,117,012","112,420,380,752","103,486,907,215",
손익계산서,078020,이베스트투자증권,코스닥시장상장법인,661,금융 지원 서비스업,KRW,      신용손실충당금환입액,"7,009,926,210","635,439,614","1,183,608,610",
손익계산서,078020,이베스트투자증권,코스닥시장상장법인,661,금융 지원 서비스업,KRW,      판매비와관리비,"137,512,533,457","169,953,246,793","230,051,929,590",
손익계산서,003450,케이비증권,기타법인,661,금융 지원 서비스업,KRW,      상각후원가측정금융자산평가및처분이익,"8,985,668,089","8,462,529,335","7,839,928,487",
손익계산서,003450,케이비증권,기타법인,661,금융 지원 서비스업,KRW,      금융상품평가및처분이익,"7,721,803,264,977","10,675,519,816,357","5,550,641,843,434",
손익계산서,003450,케이비증권,기타법인,661,금융 지원 서비스업,KRW,      상각후원가측정금융자산평가및처분손실,"151,760,490,167","43,726,891,106","22,862,121,814",
손익계산서,003450,케이비증권,기타법인,661,금융 지원 서비스업,KRW,      금융상품평가및처분손실,"7,488,880,324,414","11,053,322,410,655","5,581,543,512,545",
손익계산서,003450,케이비증권,기타법인,661,금융 지원 서비스업,KRW,      영업외비용,"254,697,064,046","83,385,613,616","51,360,194,503",
손익계산서,003450,케이비증권,기타법인,661,금융 지원 서비스업,KRW,      영업외수익,"67,304,397,172","100,717,218,807","48,129,525,832",
손익계산서,003450,케이비증권,기타법인,661,금융 지원 서비스업,KRW,      영업이익,"680,154,124,492","244,995,247,868","821,274,313,090",
손익계산서,003450,케이비증권,기타법인,661,금융 지원 서비스업,KRW,      기타영업비용,"98,331,804,366","27,087,370,821","68,987,483,624",
손익계산서,003450,케이비증권,기타법인,661,금융 지원 서비스업,KRW,      기타의영업수익,"214,316,189,404","222,899,833,390","226,880,484,789",
손익계산서,003450,케이비증권,기타법인,661,금융 지원 서비스업,KRW,      당기총포괄손익,"387,828,910,204","305,402,915,428","634,336,959,554",
손익계산서,003450,케이비증권,기타법인,661,금융 지원 서비스업,KRW,         비지배지분,"-6,381,880,469","312,864,385","86,939,988",
손익계산서,003450,케이비증권,기타법인,661,금융 지원 서비스업,KRW,         지배기업소유주지분,"394,210,790,673","305,090,051,043","634,250,019,566",
손익계산서,003450,케이비증권,기타법인,661,금융 지원 서비스업,KRW,      수수료비용,"239,341,389,849","194,467,365,522","186,868,006,666",
손익계산서,003450,케이비증권,기타법인,661,금융 지원 서비스업,KRW,      수수료수익,"946,466,679,740","939,703,781,530","1,144,248,378,743",
손익계산서,003450,케이비증권,기타법인,661,금융 지원 서비스업,KRW,      외환거래이익,"929,983,245,366","1,263,406,410,939","793,253,127,269",
손익계산서,003450,케이비증권,기타법인,661,금융 지원 서비스업,KRW,      외환거래손실,"874,317,352,206","1,265,719,846,490","744,492,109,236",
손익계산서,003450,케이비증권,기타법인,661,금융 지원 서비스업,KRW,      법인세비용,"104,733,620,558","67,499,190,770","217,752,228,397",
손익계산서,003450,케이비증권,기타법인,661,금융 지원 서비스업,KRW,      이자비용,"1,148,794,249,725","618,109,328,244","268,260,223,608",
손익계산서,003450,케이비증권,기타법인,661,금융 지원 서비스업,KRW,      영업비용,"10,904,985,986,258","14,025,027,309,346","7,728,276,186,033",
손익계산서,003450,케이비증권,기타법인,661,금융 지원 서비스업,KRW,      세후기타포괄손익,"-198,926,856","110,575,253,139","34,045,543,532",
손익계산서,003450,케이비증권,기타법인,661,금융 지원 서비스업,KRW,            기타포괄손익-공정가치측정채무상품평가손익,"30,951,147,161","-10,149,158,628","-17,213,330,222",
손익계산서,003450,케이비증권,기타법인,661,금융 지원 서비스업,KRW,            해외사업환산손익,"3,393,879,961","24,454,947,631","25,060,921,541",
손익계산서,003450,케이비증권,기타법인,661,금융 지원 서비스업,KRW,            해외사업장순투자에 대한 위험회피,"2,297,619,786","-5,750,385,868","-13,082,538,140",
손익계산서,003450,케이비증권,기타법인,661,금융 지원 서비스업,KRW,            관계기업 기타포괄손익 중 지분해당액,"-4,014,207,534","-2,562,095,184","23,492,222",
손익계산서,003450,케이비증권,기타법인,661,금융 지원 서비스업,KRW,            당기손익-공정가치지정금융부채 신용위험변동손익,"-52,863,029,391","38,855,084,533","13,714,607,803",
손익계산서,003450,케이비증권,기타법인,661,금융 지원 서비스업,KRW,            기타포괄손익-공정가치측정지분상품평가손익,"24,960,028,697","27,415,825,649","27,779,973,437",
손익계산서,003450,케이비증권,기타법인,661,금융 지원 서비스업,KRW,            순확정급여부채의 재측정요소,"-5,008,801,399","2,738,991,283","-2,237,583,109",
손익계산서,003450,케이비증권,기타법인,661,금융 지원 서비스업,KRW,            유형자산재평가손익,"84,435,863","35,572,043,723",0,
손익계산서,003450,케이비증권,기타법인,661,금융 지원 서비스업,KRW,      당기순이익,"388,027,837,060","194,827,662,289","600,291,416,022",
손익계산서,003450,케이비증권,기타법인,661,금융 지원 서비스업,KRW,      비지배지분,"-6,987,645,780","1,130,306,248","-147,924,020",
손익계산서,003450,케이비증권,기타법인,661,금융 지원 서비스업,KRW,      지배기업소유주지분,"395,015,482,840","193,697,356,041","600,439,340,042",
손익계산서,003450,케이비증권,기타법인,661,금융 지원 서비스업,KRW,      법인세비용차감전순이익,"492,761,457,618","262,326,853,059","818,043,644,419",
손익계산서,003450,케이비증권,기타법인,661,금융 지원 서비스업,KRW,      영업수익,"11,585,140,110,750","14,270,022,557,214","8,549,550,499,123",
손익계산서,003450,케이비증권,기타법인,661,금융 지원 서비스업,KRW,      이자수익,"1,763,585,063,174","1,160,030,185,663","826,686,736,401",
손익계산서,003450,케이비증권,기타법인,661,금융 지원 서비스업,KRW,         당기손익-공정가치측정금융상품이자수익,"810,712,741,938","543,218,721,819","402,414,577,880",
손익계산서,003450,케이비증권,기타법인,661,금융 지원 서비스업,KRW,         유효이자율적용이자수익,"952,872,321,236","616,811,463,844","424,272,158,521",
손익계산서,003450,케이비증권,기타법인,661,금융 지원 서비스업,KRW,      판매관리비,"903,560,375,531","822,594,096,508","855,262,728,540",
손익계산서,039490,키움증권,유가증권시장상장법인,661,금융 지원 서비스업,KRW,      영 업 외 비 용,"92,148,819,073","42,102,102,723","65,828,154,677",
손익계산서,039490,키움증권,유가증권시장상장법인,661,금융 지원 서비스업,KRW,         2. 기타,"32,237,422,933","22,117,454,737","52,018,149,875",
손익계산서,039490,키움증권,유가증권시장상장법인,661,금융 지원 서비스업,KRW,         1. 지분법손실,"59,911,396,140","19,984,647,986","13,810,004,802",
손익계산서,039490,키움증권,유가증권시장상장법인,661,금융 지원 서비스업,KRW,      영 업 외 수 익,"112,546,641,271","65,846,329,194","91,260,668,057",
손익계산서,039490,키움증권,유가증권시장상장법인,661,금융 지원 서비스업,KRW,         1. 지분법이익,"65,465,533,549","27,340,162,028","36,327,270,165",
손익계산서,039490,키움증권,유가증권시장상장법인,661,금융 지원 서비스업,KRW,         2. 기타,"47,081,107,722","38,506,167,166","54,933,397,892",
손익계산서,039490,키움증권,유가증권시장상장법인,661,금융 지원 서비스업,KRW,      9. 기타의영업비용,"669,683,698,916","62,802,880,931","91,266,692,333",
손익계산서,039490,키움증권,유가증권시장상장법인,661,금융 지원 서비스업,KRW,      8. 기타의영업수익,"28,641,928,957","87,346,826,660","33,585,176,534",
손익계산서,039490,키움증권,유가증권시장상장법인,661,금융 지원 서비스업,KRW,      7. 외환거래이익,"1,075,317,404,508","1,302,257,819,702","577,607,588,855",
손익계산서,039490,키움증권,유가증권시장상장법인,661,금융 지원 서비스업,KRW,      7. 외환거래손실,"1,074,631,143,105","1,156,247,387,395","465,201,334,718",
손익계산서,039490,키움증권,유가증권시장상장법인,661,금융 지원 서비스업,KRW,      3. 파생상품 관련이익,"3,657,763,118,577","3,807,457,583,916","1,831,455,985,416",
손익계산서,039490,키움증권,유가증권시장상장법인,661,금융 지원 서비스업,KRW,      5. 상각후원가 측정 금융상품 관련이익,"15,108,176,336","22,629,574,010","11,385,514,240",
손익계산서,039490,키움증권,유가증권시장상장법인,661,금융 지원 서비스업,KRW,      4. 기타포괄손익-공정가치 측정 금융상품 관련이익,"47,733,013,377","46,787,782,655","28,195,245,561",
손익계산서,039490,키움증권,유가증권시장상장법인,661,금융 지원 서비스업,KRW,      2. 당기손익-공정가치 측정 금융상품 관련이익,"2,128,737,448,974","1,545,045,674,560","1,392,883,602,211",
손익계산서,039490,키움증권,유가증권시장상장법인,661,금융 지원 서비스업,KRW,      3. 파생상품 관련손실,"3,433,467,757,786","3,920,322,488,809","2,016,109,869,216",
손익계산서,039490,키움증권,유가증권시장상장법인,661,금융 지원 서비스업,KRW,      5. 상각후원가 측정 금융상품 관련손실,"137,755,007,693","100,405,671,283","40,414,504,298",
손익계산서,039490,키움증권,유가증권시장상장법인,661,금융 지원 서비스업,KRW,      4. 기타포괄손익-공정가치 측정 금융상품 관련손실,0,"5,247,189",0,
손익계산서,039490,키움증권,유가증권시장상장법인,661,금융 지원 서비스업,KRW,      2. 당기손익-공정가치 측정 금융상품 관련손실,"1,772,565,364,739","1,666,593,681,245","910,376,675,571",
손익계산서,039490,키움증권,유가증권시장상장법인,661,금융 지원 서비스업,KRW,      총포괄손익,"434,619,962,280","480,538,005,718","979,324,385,309",
손익계산서,039490,키움증권,유가증권시장상장법인,661,금융 지원 서비스업,KRW,         비지배주주지분,"4,432,295,335","862,160,600","6,506,683,251",
손익계산서,039490,키움증권,유가증권시장상장법인,661,금융 지원 서비스업,KRW,         지배주주지분,"430,187,666,945","479,675,845,118","972,817,702,058",
손익계산서,039490,키움증권,유가증권시장상장법인,661,금융 지원 서비스업,KRW,         우선주기본주당이익,"24,011","20,347","63,866",
손익계산서,039490,키움증권,유가증권시장상장법인,661,금융 지원 서비스업,KRW,         우선주희석주당이익,"24,011","20,347","63,866",
손익계산서,039490,키움증권,유가증권시장상장법인,661,금융 지원 서비스업,KRW,         보통주기본주당이익,"15,563","17,919","31,680",
손익계산서,039490,키움증권,유가증권시장상장법인,661,금융 지원 서비스업,KRW,         보통주희석주당이익,"14,889","16,478","28,546",
손익계산서,039490,키움증권,유가증권시장상장법인,661,금융 지원 서비스업,KRW,      1. 수수료비용,"266,975,189,885","242,168,395,331","280,554,934,967",
손익계산서,039490,키움증권,유가증권시장상장법인,661,금융 지원 서비스업,KRW,      1. 수수료수익,"916,680,453,885","968,115,953,768","1,248,453,718,214",
손익계산서,039490,키움증권,유가증권시장상장법인,661,금융 지원 서비스업,KRW,      법 인 세 비 용,"144,319,856,337","171,998,466,961","324,145,502,843",
손익계산서,039490,키움증권,유가증권시장상장법인,661,금융 지원 서비스업,KRW,      6. 이자비용,"1,030,087,220,943","525,103,431,253","226,930,965,972",
손익계산서,039490,키움증권,유가증권시장상장법인,661,금융 지원 서비스업,KRW,      영  업  비  용,"8,980,140,957,303","8,285,929,098,671","4,657,303,400,996",
손익계산서,039490,키움증권,유가증권시장상장법인,661,금융 지원 서비스업,KRW,      기 타 포 괄 손 익,"-6,117,045,756","-27,632,320,503","69,151,554,994",
손익계산서,039490,키움증권,유가증권시장상장법인,661,금융 지원 서비스업,KRW,            (4) 기타포괄손익-공정가치 측정 금융자산 평가손익(채무상품),"553,324,532","-1,335,012,873","-305,039,644",
손익계산서,039490,키움증권,유가증권시장상장법인,661,금융 지원 서비스업,KRW,            (3) 현금흐름위험회피순손익,"-672,705,095","488,504,079","115,097,756",
손익계산서,039490,키움증권,유가증권시장상장법인,661,금융 지원 서비스업,KRW,            (2) 해외사업환산손익,"1,437,488,304","825,201,678","6,428,783,765",
손익계산서,039490,키움증권,유가증권시장상장법인,661,금융 지원 서비스업,KRW,            (1) 관계기업투자자본변동,"3,292,733,794","-910,611,000","1,797,822,941",
손익계산서,039490,키움증권,유가증권시장상장법인,661,금융 지원 서비스업,KRW,            (2) 당기손익-공정가치 측정 금융부채 평가손익(신용위험조정),"-29,742,303,556","-20,815,970,328","1,924,167,550",
손익계산서,039490,키움증권,유가증권시장상장법인,661,금융 지원 서비스업,KRW,            (1) 기타포괄손익-공정가치 측정 금융자산 평가손익(지분상품),"20,456,013,929","-10,368,095,014","64,047,335,463",
손익계산서,039490,키움증권,유가증권시장상장법인,661,금융 지원 서비스업,KRW,            (3) 확정급여제도의 재측정요소,"-1,441,597,664","4,483,662,955","-4,856,612,837",
손익계산서,039490,키움증권,유가증권시장상장법인,661,금융 지원 서비스업,KRW,      당 기 순 이 익,"440,737,008,036","508,170,326,221","910,172,830,315",
손익계산서,039490,키움증권,유가증권시장상장법인,661,금융 지원 서비스업,KRW,      비지배주주지분,"4,455,565,377","844,206,170","6,457,569,288",
손익계산서,039490,키움증권,유가증권시장상장법인,661,금융 지원 서비스업,KRW,      지배주주지분,"436,281,442,659","507,326,120,051","903,715,261,027",
손익계산서,039490,키움증권,유가증권시장상장법인,661,금융 지원 서비스업,KRW,      법인세비용차감전순이익,"585,056,864,373","680,168,793,182","1,234,318,333,158",
손익계산서,039490,키움증권,유가증권시장상장법인,661,금융 지원 서비스업,KRW,      영  업  이  익,"564,659,042,175","656,424,566,711","1,208,885,819,778",
손익계산서,039490,키움증권,유가증권시장상장법인,661,금융 지원 서비스업,KRW,      영  업  수  익,"9,544,799,999,478","8,942,353,665,382","5,866,189,220,774",
손익계산서,039490,키움증권,유가증권시장상장법인,661,금융 지원 서비스업,KRW,      6. 이자수익,"1,674,818,454,864","1,162,712,450,111","742,622,389,743",
손익계산서,039490,키움증권,유가증권시장상장법인,661,금융 지원 서비스업,KRW,         (2) 당기손익-공정가치 측정 금융상품 이자수익,"447,783,558,049","233,577,474,644","106,914,734,852",
손익계산서,039490,키움증권,유가증권시장상장법인,661,금융 지원 서비스업,KRW,         (1) 유효이자율 적용 이자수익,"1,227,034,896,815","929,134,975,467","635,707,654,891",
손익계산서,039490,키움증권,유가증권시장상장법인,661,금융 지원 서비스업,KRW,      8. 판매비와관리비,"594,975,574,236","612,279,915,235","626,448,423,921",
손익계산서,003530,한화투자증권,유가증권시장상장법인,661,금융 지원 서비스업,KRW,      영업외비용,"40,653,182,921","107,716,974,105","30,485,133,565",
손익계산서,003530,한화투자증권,유가증권시장상장법인,661,금융 지원 서비스업,KRW,      영업외수익,"23,598,310,817","7,870,258,415","14,396,287,567",
손익계산서,003530,한화투자증권,유가증권시장상장법인,661,금융 지원 서비스업,KRW,      대손준비금 반영후 조정손익,"8,488,866,296","-57,895,535,985","141,850,669,398",
손익계산서,003530,한화투자증권,유가증권시장상장법인,661,금융 지원 서비스업,KRW,      파생상품평가및거래이익,"836,775,734,380","1,039,715,218,202","897,199,944,212",
손익계산서,003530,한화투자증권,유가증권시장상장법인,661,금융 지원 서비스업,KRW,      유가증권평가및처분이익,"363,201,772,334","330,160,039,042","373,289,959,228",
손익계산서,003530,한화투자증권,유가증권시장상장법인,661,금융 지원 서비스업,KRW,      파생상품평가및거래손실,"781,925,115,960","1,040,420,548,356","833,005,562,974",
손익계산서,003530,한화투자증권,유가증권시장상장법인,661,금융 지원 서비스업,KRW,      대출채권평가및처분손실,0,0,"38,700,755",
손익계산서,003530,한화투자증권,유가증권시장상장법인,661,금융 지원 서비스업,KRW,      유가증권평가및처분손실,"406,311,828,273","404,916,763,229","354,274,252,754",
손익계산서,003530,한화투자증권,유가증권시장상장법인,661,금융 지원 서비스업,KRW,      신용손실충당금 전입액,"72,071,987,039","7,492,602,079","1,476,603,151",
손익계산서,003530,한화투자증권,유가증권시장상장법인,661,금융 지원 서비스업,KRW,      당기총포괄손익,"17,044,782,995","-271,281,133,351","617,371,738,845",
손익계산서,003530,한화투자증권,유가증권시장상장법인,661,금융 지원 서비스업,KRW,         비지배지분에 귀속되는 총포괄손익,"31,064","-790,735,300","63,654,985",
손익계산서,003530,한화투자증권,유가증권시장상장법인,661,금융 지원 서비스업,KRW,         지배기업의 소유주에게 귀속되는 총포괄손익,"17,044,751,931","-270,490,398,051","617,308,083,860",
손익계산서,003530,한화투자증권,유가증권시장상장법인,661,금융 지원 서비스업,KRW,         구형우선주 기본주당손익,92,-251,709,
손익계산서,003530,한화투자증권,유가증권시장상장법인,661,금융 지원 서비스업,KRW,         구형우선주 희석주당손익,92,-251,709,
손익계산서,003530,한화투자증권,유가증권시장상장법인,661,금융 지원 서비스업,KRW,         보통주 기본주당손익,42,-251,659,
손익계산서,003530,한화투자증권,유가증권시장상장법인,661,금융 지원 서비스업,KRW,         보통주 희석주당손익,42,-251,659,
손익계산서,003530,한화투자증권,유가증권시장상장법인,661,금융 지원 서비스업,KRW,      수수료비용,"27,917,095,002","34,832,000,155","43,917,216,391",
손익계산서,003530,한화투자증권,유가증권시장상장법인,661,금융 지원 서비스업,KRW,      수수료수익,"210,650,668,137","235,761,974,922","316,743,563,113",
손익계산서,003530,한화투자증권,유가증권시장상장법인,661,금융 지원 서비스업,KRW,      외환거래이익,"92,622,801,218","155,488,740,043","83,493,213,870",
손익계산서,003530,한화투자증권,유가증권시장상장법인,661,금융 지원 서비스업,KRW,      외환거래손실,"85,750,220,659","141,903,047,728","98,468,960,750",
손익계산서,003530,한화투자증권,유가증권시장상장법인,661,금융 지원 서비스업,KRW,      지배기업의 소유주에게 귀속되는 당기순손익,"9,298,394,794","-54,867,427,632","144,113,448,618",
손익계산서,003530,한화투자증권,유가증권시장상장법인,661,금융 지원 서비스업,KRW,      법인세비용(수익),"5,098,472,670","-10,571,890,037","48,597,120,908",
손익계산서,003530,한화투자증권,유가증권시장상장법인,661,금융 지원 서비스업,KRW,      이자비용,"286,680,862,937","176,696,934,965","67,647,826,442",
손익계산서,003530,한화투자증권,유가증권시장상장법인,661,금융 지원 서비스업,KRW,      기타비용,"2,395,798,919","784,651,837","109,851,611",
손익계산서,003530,한화투자증권,유가증권시장상장법인,661,금융 지원 서비스업,KRW,      기타수익,"43,055,236,317","42,379,189,444","32,211,837,715",
손익계산서,003530,한화투자증권,유가증권시장상장법인,661,금융 지원 서비스업,KRW,      영업비용,"1,937,558,221,437","2,079,852,822,371","1,702,643,507,688",
손익계산서,003530,한화투자증권,유가증권시장상장법인,661,금융 지원 서비스업,KRW,      기타포괄손익,"7,746,300,494","-216,413,755,276","473,244,770,426",
손익계산서,003530,한화투자증권,유가증권시장상장법인,661,금융 지원 서비스업,KRW,            해외사업장환산외환차이,"-489,274,170","2,199,227,134","5,488,443,324",
손익계산서,003530,한화투자증권,유가증권시장상장법인,661,금융 지원 서비스업,KRW,            지분법자본변동,"6,693,290,807","-9,528,020,758","-621,465,952",
손익계산서,003530,한화투자증권,유가증권시장상장법인,661,금융 지원 서비스업,KRW,            당기손익-공정가치지정금융부채 신용위험변동손익,"-184,416,983","-146,536,859","-497,111,774",
손익계산서,003530,한화투자증권,유가증권시장상장법인,661,금융 지원 서비스업,KRW,            기타포괄손익-공정가치측정금융자산평가손익,"2,426,496,935","-211,031,114,590","466,877,915,851",
손익계산서,003530,한화투자증권,유가증권시장상장법인,661,금융 지원 서비스업,KRW,            순확정급여부채의 재측정요소,"-699,796,095","2,092,689,797","1,996,988,977",
손익계산서,003530,한화투자증권,유가증권시장상장법인,661,금융 지원 서비스업,KRW,      당기순이익(손실),"9,298,482,501","-54,867,378,075","144,126,968,419",
손익계산서,003530,한화투자증권,유가증권시장상장법인,661,금융 지원 서비스업,KRW,      법인세차감전순손익,"14,396,955,171","-65,439,268,112","192,724,089,327",
손익계산서,003530,한화투자증권,유가증권시장상장법인,661,금융 지원 서비스업,KRW,      비지배지분에 귀속되는 당기순손익,"87,707","49,557","13,519,801",
손익계산서,003530,한화투자증권,유가증권시장상장법인,661,금융 지원 서비스업,KRW,      영업이익,"31,451,827,275","34,407,447,578","208,812,935,325",
손익계산서,003530,한화투자증권,유가증권시장상장법인,661,금융 지원 서비스업,KRW,      영업수익,"1,969,010,048,712","2,114,260,269,949","1,911,456,443,013",
손익계산서,003530,한화투자증권,유가증권시장상장법인,661,금융 지원 서비스업,KRW,      배당수익,"15,008,050,539","32,730,076,896","19,331,655,328",
손익계산서,003530,한화투자증권,유가증권시장상장법인,661,금융 지원 서비스업,KRW,      이자수익,"407,383,915,210","277,493,140,797","184,374,780,553",
손익계산서,003530,한화투자증권,유가증권시장상장법인,661,금융 지원 서비스업,KRW,      신용손실충당금 환입액,"311,870,577","531,890,603","4,811,488,994",
손익계산서,003530,한화투자증권,유가증권시장상장법인,661,금융 지원 서비스업,KRW,      판매 및 일반관리비,"274,505,312,648","272,806,274,022","303,704,532,860",
손익계산서,001500,현대차증권,유가증권시장상장법인,661,금융 지원 서비스업,KRW,      파생상품관련수익,"491,251,820,939","343,415,855,681","233,641,409,306",
손익계산서,001500,현대차증권,유가증권시장상장법인,661,금융 지원 서비스업,KRW,      기타포괄손익-공정가치측정금융상품관련이익,"323,773,054","220,167,585","236,451,578",
손익계산서,001500,현대차증권,유가증권시장상장법인,661,금융 지원 서비스업,KRW,      당기손익-공정가치측정금융상품관련이익,"416,267,424,127","365,744,140,649","189,318,352,736",
손익계산서,001500,현대차증권,유가증권시장상장법인,661,금융 지원 서비스업,KRW,      기타포괄손익-공정가치측정금융상품관련손실,"321,063,419",0,0,
손익계산서,001500,현대차증권,유가증권시장상장법인,661,금융 지원 서비스업,KRW,      당기손익-공정가치측정금융상품관련손실,"447,171,762,694","274,219,290,254","195,808,974,164",
손익계산서,001500,현대차증권,유가증권시장상장법인,661,금융 지원 서비스업,KRW,      파생상품관련비용,"464,596,529,400","367,503,779,891","230,654,111,979",
손익계산서,001500,현대차증권,유가증권시장상장법인,661,금융 지원 서비스업,KRW,      지분법손실,"1,849,809,869","187,249,413","164,423,152",
손익계산서,001500,현대차증권,유가증권시장상장법인,661,금융 지원 서비스업,KRW,      영업외비용,"226,587,538","129,172,661","92,098,717",
손익계산서,001500,현대차증권,유가증권시장상장법인,661,금융 지원 서비스업,KRW,         기부금,"61,858,400","39,966,326","39,000,000",
손익계산서,001500,현대차증권,유가증권시장상장법인,661,금융 지원 서비스업,KRW,         무형자산손상차손,0,"1,333,333",0,
손익계산서,001500,현대차증권,유가증권시장상장법인,661,금융 지원 서비스업,KRW,         기타영업외비용,"98,229,725","87,873,002","53,068,157",
손익계산서,001500,현대차증권,유가증권시장상장법인,661,금융 지원 서비스업,KRW,         유형자산처분손실,"66,499,413",0,"30,560",
손익계산서,001500,현대차증권,유가증권시장상장법인,661,금융 지원 서비스업,KRW,      영업외수익,"409,617,254","902,239,891","270,923,531",
손익계산서,001500,현대차증권,유가증권시장상장법인,661,금융 지원 서비스업,KRW,         무형자산처분이익,"64,545","255,644,333","127,666,667",
손익계산서,001500,현대차증권,유가증권시장상장법인,661,금융 지원 서비스업,KRW,         기타영업외수익,"325,652,079","106,785,810","72,699,847",
손익계산서,001500,현대차증권,유가증권시장상장법인,661,금융 지원 서비스업,KRW,         무형자산감액손실환입,0,"492,000,000",0,
손익계산서,001500,현대차증권,유가증권시장상장법인,661,금융 지원 서비스업,KRW,         상각채권추심이익,0,0,"50,693,614",
손익계산서,001500,현대차증권,유가증권시장상장법인,661,금융 지원 서비스업,KRW,         유형자산처분이익,"83,900,630","47,809,748","19,863,403",
손익계산서,001500,현대차증권,유가증권시장상장법인,661,금융 지원 서비스업,KRW,      기타비용,"339,938,750","5,736,199,000","15,394,325,868",
손익계산서,001500,현대차증권,유가증권시장상장법인,661,금융 지원 서비스업,KRW,      기타수익,"1,906,803,969",0,"1,817,987,671",
손익계산서,001500,현대차증권,유가증권시장상장법인,661,금융 지원 서비스업,KRW,      지분법이익,"8,562,510,775","12,308,413,723","5,455,059,910",
손익계산서,001500,현대차증권,유가증권시장상장법인,661,금융 지원 서비스업,KRW,      총포괄손익,"73,544,251,444","92,247,690,942","118,661,801,281",
손익계산서,001500,현대차증권,유가증권시장상장법인,661,금융 지원 서비스업,KRW,         지배기업의 소유주에게 귀속되는 총포괄손익,"73,544,251,444","92,247,690,942","118,661,801,281",
손익계산서,001500,현대차증권,유가증권시장상장법인,661,금융 지원 서비스업,KRW,         기본주당이익(손실),"1,595","2,654","3,702",
손익계산서,001500,현대차증권,유가증권시장상장법인,661,금융 지원 서비스업,KRW,         희석주당이익(손실),"1,381","2,247","3,038",
손익계산서,001500,현대차증권,유가증권시장상장법인,661,금융 지원 서비스업,KRW,      수수료비용,"15,455,286,858","10,750,927,382","12,662,558,117",
손익계산서,001500,현대차증권,유가증권시장상장법인,661,금융 지원 서비스업,KRW,      수수료수익,"151,438,935,930","174,891,793,584","227,442,578,220",
손익계산서,001500,현대차증권,유가증권시장상장법인,661,금융 지원 서비스업,KRW,      외환거래수익,"9,058,891,720","15,399,622,509","1,520,362,264",
손익계산서,001500,현대차증권,유가증권시장상장법인,661,금융 지원 서비스업,KRW,      외환거래비용,"8,152,032,346","8,039,198,939","719,862,866",
손익계산서,001500,현대차증권,유가증권시장상장법인,661,금융 지원 서비스업,KRW,      법인세비용,"11,842,342,647","28,245,122,492","38,949,742,803",
손익계산서,001500,현대차증권,유가증권시장상장법인,661,금융 지원 서비스업,KRW,      이자비용,"344,719,584,737","160,431,906,267","68,610,536,013",
손익계산서,001500,현대차증권,유가증권시장상장법인,661,금융 지원 서비스업,KRW,      영업비용,"1,517,026,410,840","1,071,455,022,785","697,250,363,538",
손익계산서,001500,현대차증권,유가증권시장상장법인,661,금융 지원 서비스업,KRW,      기타포괄손익,"20,033,056,252","5,146,439,779","912,642,471",
손익계산서,001500,현대차증권,유가증권시장상장법인,661,금융 지원 서비스업,KRW,            기타포괄손익-공정가치측정채무증권관련손익,"15,121,464,499","-9,885,740,801","-6,727,563,401",
손익계산서,001500,현대차증권,유가증권시장상장법인,661,금융 지원 서비스업,KRW,            기타포괄손익-공정가치측정지분증권관련손익,"7,390,014,191","11,832,307,637","9,872,102,327",
손익계산서,001500,현대차증권,유가증권시장상장법인,661,금융 지원 서비스업,KRW,            종업원급여재측정요소,"-2,478,422,438","3,199,872,943","-2,231,896,455",
손익계산서,001500,현대차증권,유가증권시장상장법인,661,금융 지원 서비스업,KRW,      금융상품 관련 기타비용,"47,982,717,935","33,537,117,695","3,933,491,756",
손익계산서,001500,현대차증권,유가증권시장상장법인,661,금융 지원 서비스업,KRW,         기타,"154,549,300",0,0,
손익계산서,001500,현대차증권,유가증권시장상장법인,661,금융 지원 서비스업,KRW,         신용손실충당금 전입액,"47,828,168,635","33,537,117,695","3,933,491,756",
손익계산서,001500,현대차증권,유가증권시장상장법인,661,금융 지원 서비스업,KRW,      금융상품 관련 기타수익,"42,009,538,919","31,506,456,228","37,819,229,357",
손익계산서,001500,현대차증권,유가증권시장상장법인,661,금융 지원 서비스업,KRW,         기타,"42,009,538,919","31,287,928,635","35,560,804,239",
손익계산서,001500,현대차증권,유가증권시장상장법인,661,금융 지원 서비스업,KRW,         신용손실충당금 환입액,0,"218,527,593","2,258,425,118",
손익계산서,001500,현대차증권,유가증권시장상장법인,661,금융 지원 서비스업,KRW,      당기순이익(손실),"53,511,195,192","87,101,251,163","117,749,158,810",
손익계산서,001500,현대차증권,유가증권시장상장법인,661,금융 지원 서비스업,KRW,      지배기업소유주지분순이익,"53,511,195,192","87,101,251,163","117,749,158,810",
손익계산서,001500,현대차증권,유가증권시장상장법인,661,금융 지원 서비스업,KRW,      법인세차감전순이익,"65,353,537,839","115,346,373,655","156,698,901,613",
손익계산서,001500,현대차증권,유가증권시장상장법인,661,금융 지원 서비스업,KRW,      영업이익(손실),"65,170,508,123","114,573,306,425","156,520,076,799",
손익계산서,001500,현대차증권,유가증권시장상장법인,661,금융 지원 서비스업,KRW,      영업수익,"1,582,196,918,963","1,186,028,329,210","853,770,440,337",
손익계산서,001500,현대차증권,유가증권시장상장법인,661,금융 지원 서비스업,KRW,      이자수익,"461,377,219,530","242,541,879,251","156,519,009,295",
손익계산서,001500,현대차증권,유가증권시장상장법인,661,금융 지원 서비스업,KRW,         당기손익-공정가치로 측정하는 금융자산의 이자수익,"297,382,018,885","121,787,246,931","80,514,812,312",
손익계산서,001500,현대차증권,유가증권시장상장법인,661,금융 지원 서비스업,KRW,         유효이자율적용 이자수익,"163,995,200,645","120,754,632,320","76,004,196,983",
손익계산서,001500,현대차증권,유가증권시장상장법인,661,금융 지원 서비스업,KRW,      판매 및 일반관리비,"186,437,684,832","211,049,353,944","169,302,079,623",
